Unity Editor version:    6000.0.32f1 (b2e806cf271c)
Branch:                  6000.0/staging
Build type:              Release
Batch mode:              YES
macOS version:           Version 15.3.2 (Build 24D81)
Darwin version:          24.3.0
Architecture:            arm64
Running under Rosetta:   NO
Available memory:        16384 MB
Using pre-set license
Pro License: YES

COMMAND LINE ARGUMENTS:
/Applications/Unity/Hub/Editor/6000.0.32f1/Unity.app/Contents/MacOS/Unity
-adb2
-batchMode
-noUpm
-name
AssetImportWorker0
-projectPath
/Users/a1/Desktop/GAME/KNOU/KNOU_prototype
-logFile
Logs/AssetImportWorker0.log
-srvPort
57454
-job-worker-count
3
-background-job-worker-count
8
-gc-helper-count
1
Successfully changed project path to: /Users/a1/Desktop/GAME/KNOU/KNOU_prototype
/Users/a1/Desktop/GAME/KNOU/KNOU_prototype
[UnityMemory] Configuration Parameters - Can be set up in boot.config
    "memorysetup-bucket-allocator-granularity=16"
    "memorysetup-bucket-allocator-bucket-count=8"
    "memorysetup-bucket-allocator-block-size=33554432"
    "memorysetup-bucket-allocator-block-count=8"
    "memorysetup-main-allocator-block-size=16777216"
    "memorysetup-thread-allocator-block-size=16777216"
    "memorysetup-gfx-main-allocator-block-size=16777216"
    "memorysetup-gfx-thread-allocator-block-size=16777216"
    "memorysetup-cache-allocator-block-size=4194304"
    "memorysetup-typetree-allocator-block-size=2097152"
    "memorysetup-profiler-bucket-allocator-granularity=16"
    "memorysetup-profiler-bucket-allocator-bucket-count=8"
    "memorysetup-profiler-bucket-allocator-block-size=33554432"
    "memorysetup-profiler-bucket-allocator-block-count=8"
    "memorysetup-profiler-allocator-block-size=16777216"
    "memorysetup-profiler-editor-allocator-block-size=1048576"
    "memorysetup-temp-allocator-size-main=16777216"
    "memorysetup-job-temp-allocator-block-size=2097152"
    "memorysetup-job-temp-allocator-block-size-background=1048576"
    "memorysetup-job-temp-allocator-reduction-small-platforms=262144"
    "memorysetup-allocator-temp-initial-block-size-main=262144"
    "memorysetup-allocator-temp-initial-block-size-worker=262144"
    "memorysetup-temp-allocator-size-background-worker=32768"
    "memorysetup-temp-allocator-size-job-worker=262144"
    "memorysetup-temp-allocator-size-preload-manager=33554432"
    "memorysetup-temp-allocator-size-nav-mesh-worker=65536"
    "memorysetup-temp-allocator-size-audio-worker=65536"
    "memorysetup-temp-allocator-size-cloud-worker=32768"
    "memorysetup-temp-allocator-size-gi-baking-worker=262144"
    "memorysetup-temp-allocator-size-gi-baking-worker=262144"
    "memorysetup-temp-allocator-size-gi-baking-worker=262144"
    "memorysetup-temp-allocator-size-gi-baking-worker=262144"
    "memorysetup-temp-allocator-size-gi-baking-worker=262144"
    "memorysetup-temp-allocator-size-gfx=262144"
Player connection [8436140096]  Target information:

Player connection [8436140096]  * "[IP] 192.168.0.19 [Port] 0 [Flags] 2 [Guid] 1006164108 [EditorId] 1006164108 [Version] 1048832 [Id] OSXEditor(0,1s-MacBook-Air.local) [Debug] 1 [PackageName] OSXEditor [ProjectName] Editor" 

Player connection [8436140096] Host joined multi-casting on [225.0.0.222:54997]...
Player connection [8436140096] Host joined alternative multi-casting on [225.0.0.222:34997]...
JobSystem: Creating JobQueue using job-worker-count value 3
[Physics::Module] Initialized fallback backend.
[Physics::Module] Id: 0xdecafbad
Library Redirect Path: Library/
[Physics::Module] Selected backend.
[Physics::Module] Name: PhysX
[Physics::Module] Id: 0xf2b8ea05
[Physics::Module] SDK Version: 4.1.2
[Physics::Module] Integration Version: 1.0.0
[Physics::Module] Threading Mode: Multi-Threaded
Refreshing native plugins compatible for Editor in 4.31 ms, found 3 plugins.
Preloading 0 native plugins for Editor in 0.00 ms.
Initialize engine version: 6000.0.32f1 (b2e806cf271c)
[Subsystems] Discovering subsystems at path /Applications/Unity/Hub/Editor/6000.0.32f1/Unity.app/Contents/Resources/UnitySubsystems
[Subsystems] Discovering subsystems at path /Users/a1/Desktop/GAME/KNOU/KNOU_prototype/Assets
GfxDevice: creating device client; kGfxThreadingModeNonThreaded
 preferred device: Apple M1 (high power)
Metal devices available: 1
0: Apple M1 (high power)
Using device Apple M1 (high power)
Initializing Metal device caps: Apple M1
Initialize mono
Mono path[0] = '/Applications/Unity/Hub/Editor/6000.0.32f1/Unity.app/Contents/Managed'
Mono path[1] = '/Applications/Unity/Hub/Editor/6000.0.32f1/Unity.app/Contents/MonoBleedingEdge/lib/mono/unityjit-macos'
Mono config path = '/Applications/Unity/Hub/Editor/6000.0.32f1/Unity.app/Contents/MonoBleedingEdge/etc'
Using monoOptions --debugger-agent=transport=dt_socket,embedding=1,server=y,suspend=n,address=127.0.0.1:56070
Begin MonoManager ReloadAssembly
Registering precompiled unity dll's ...
Register platform support module: /Applications/Unity/Hub/Editor/6000.0.32f1/PlaybackEngines/WebGLSupport/UnityEditor.WebGL.Extensions.dll
Register platform support module: /Applications/Unity/Hub/Editor/6000.0.32f1/Unity.app/Contents/PlaybackEngines/MacStandaloneSupport/UnityEditor.OSXStandalone.Extensions.dll
Registered in 0.003742 seconds.
- Loaded All Assemblies, in  0.353 seconds
Native extension for OSXStandalone target not found
Native extension for WebGL target not found
Mono: successfully reloaded assembly
- Finished resetting the current domain, in  0.275 seconds
Domain Reload Profiling: 628ms
	BeginReloadAssembly (117ms)
		ExecutionOrderSort (0ms)
		DisableScriptedObjects (0ms)
		BackupInstance (0ms)
		ReleaseScriptingObjects (0ms)
		CreateAndSetChildDomain (0ms)
	RebuildCommonClasses (40ms)
	RebuildNativeTypeToScriptingClass (14ms)
	initialDomainReloadingComplete (40ms)
	LoadAllAssembliesAndSetupDomain (143ms)
		LoadAssemblies (117ms)
		RebuildTransferFunctionScriptingTraits (0ms)
		AnalyzeDomain (140ms)
			TypeCache.Refresh (139ms)
				TypeCache.ScanAssembly (127ms)
			BuildScriptInfoCaches (0ms)
			ResolveRequiredComponents (1ms)
	FinalizeReload (275ms)
		ReleaseScriptCaches (0ms)
		RebuildScriptCaches (0ms)
		SetupLoadedEditorAssemblies (238ms)
			LogAssemblyErrors (0ms)
			InitializePlatformSupportModulesInManaged (35ms)
			SetLoadedEditorAssemblies (4ms)
			BeforeProcessingInitializeOnLoad (45ms)
			ProcessInitializeOnLoadAttributes (98ms)
			ProcessInitializeOnLoadMethodAttributes (55ms)
			AfterProcessingInitializeOnLoad (0ms)
			EditorAssembliesLoaded (0ms)
		ExecutionOrderSort2 (0ms)
		AwakeInstancesAfterBackupRestoration (0ms)
========================================================================
Worker process is ready to serve import requests
Import Worker Mode flag is 0x00
Begin MonoManager ReloadAssembly
- Loaded All Assemblies, in  0.603 seconds
Refreshing native plugins compatible for Editor in 0.54 ms, found 3 plugins.
Native extension for OSXStandalone target not found
Native extension for WebGL target not found
Mono: successfully reloaded assembly
- Finished resetting the current domain, in  0.613 seconds
Domain Reload Profiling: 1216ms
	BeginReloadAssembly (94ms)
		ExecutionOrderSort (0ms)
		DisableScriptedObjects (4ms)
		BackupInstance (0ms)
		ReleaseScriptingObjects (0ms)
		CreateAndSetChildDomain (28ms)
	RebuildCommonClasses (28ms)
	RebuildNativeTypeToScriptingClass (10ms)
	initialDomainReloadingComplete (25ms)
	LoadAllAssembliesAndSetupDomain (445ms)
		LoadAssemblies (265ms)
		RebuildTransferFunctionScriptingTraits (0ms)
		AnalyzeDomain (222ms)
			TypeCache.Refresh (165ms)
				TypeCache.ScanAssembly (148ms)
			BuildScriptInfoCaches (46ms)
			ResolveRequiredComponents (8ms)
	FinalizeReload (613ms)
		ReleaseScriptCaches (0ms)
		RebuildScriptCaches (0ms)
		SetupLoadedEditorAssemblies (504ms)
			LogAssemblyErrors (0ms)
			InitializePlatformSupportModulesInManaged (3ms)
			SetLoadedEditorAssemblies (3ms)
			BeforeProcessingInitializeOnLoad (91ms)
			ProcessInitializeOnLoadAttributes (318ms)
			ProcessInitializeOnLoadMethodAttributes (89ms)
			AfterProcessingInitializeOnLoad (1ms)
			EditorAssembliesLoaded (0ms)
		ExecutionOrderSort2 (0ms)
		AwakeInstancesAfterBackupRestoration (2ms)
Launching external process: /Applications/Unity/Hub/Editor/6000.0.32f1/Unity.app/Contents/Tools/UnityShaderCompiler
Launched and connected shader compiler UnityShaderCompiler after 0.03 seconds
Refreshing native plugins compatible for Editor in 0.56 ms, found 3 plugins.
Preloading 0 native plugins for Editor in 0.00 ms.
Unloading 219 Unused Serialized files (Serialized files now loaded: 0)
Unloading 6564 unused Assets / (3.7 MB). Loaded Objects now: 7256.
Memory consumption went from 177.4 MB to 173.7 MB.
Total: 6.710750 ms (FindLiveObjects: 0.481833 ms CreateObjectMapping: 0.264333 ms MarkObjects: 4.178459 ms  DeleteObjects: 1.785542 ms)

========================================================================
Received Import Request.
  Time since last request: 2242637.607954 seconds.
  path: Assets/TopDown 2D RPG BE3/Sprites/NPC.png
  artifactKey: Guid(2f90eb840bd0cf4438d49759bc08d718) Importer(815301076,1909f56bfc062723c751e8b465ee728b)
Start importing Assets/TopDown 2D RPG BE3/Sprites/NPC.png using Guid(2f90eb840bd0cf4438d49759bc08d718) Importer(815301076,1909f56bfc062723c751e8b465ee728b) (PreviewImporter) -> (artifact id: 'fd4c80af87155afb3c593cbf15cd7e65') in 0.068758375 seconds
Number of updated asset objects reloaded before import = 0Number of asset objects unloaded after import = 6

========================================================================
Received Import Request.
  Time since last request: 0.000049 seconds.
  path: Assets/TopDown 2D RPG BE3/Sprites/Objects.png
  artifactKey: Guid(20d6cce5c7ac33b4e97f0f98a09aa347) Importer(815301076,1909f56bfc062723c751e8b465ee728b)
Start importing Assets/TopDown 2D RPG BE3/Sprites/Objects.png using Guid(20d6cce5c7ac33b4e97f0f98a09aa347) Importer(815301076,1909f56bfc062723c751e8b465ee728b) (PreviewImporter) -> (artifact id: '1b3197bc4783ad5d8a465d95d0854084') in 0.057020291 seconds
Number of updated asset objects reloaded before import = 0Number of asset objects unloaded after import = 27

========================================================================
Received Import Request.
  Time since last request: 0.000046 seconds.
  path: Assets/TopDown 2D RPG BE3/Sprites
  artifactKey: Guid(24208ecbe2041c34db5f5403b9304207) Importer(815301076,1909f56bfc062723c751e8b465ee728b)
Start importing Assets/TopDown 2D RPG BE3/Sprites using Guid(24208ecbe2041c34db5f5403b9304207) Importer(815301076,1909f56bfc062723c751e8b465ee728b) (PreviewImporter) -> (artifact id: '6da6ade147e867110e0f9a27d0ccf5aa') in 0.000343375 seconds
Number of updated asset objects reloaded before import = 0Number of asset objects unloaded after import = 0

========================================================================
Received Import Request.
  Time since last request: 0.000043 seconds.
  path: Assets/TopDown 2D RPG BE3/Sprites/NPC Portrait.png
  artifactKey: Guid(d79edf18a76e2654a9ac99f15de8b2b3) Importer(815301076,1909f56bfc062723c751e8b465ee728b)
Start importing Assets/TopDown 2D RPG BE3/Sprites/NPC Portrait.png using Guid(d79edf18a76e2654a9ac99f15de8b2b3) Importer(815301076,1909f56bfc062723c751e8b465ee728b) (PreviewImporter) -> (artifact id: '28b60f9147ca8da8a6e50bcbf605ded7') in 0.021713625 seconds
Number of updated asset objects reloaded before import = 0Number of asset objects unloaded after import = 10

========================================================================
Received Import Request.
  Time since last request: 0.000057 seconds.
  path: Assets/TopDown 2D RPG BE3
  artifactKey: Guid(be084ce5660d6480da77f5204761d297) Importer(815301076,1909f56bfc062723c751e8b465ee728b)
Start importing Assets/TopDown 2D RPG BE3 using Guid(be084ce5660d6480da77f5204761d297) Importer(815301076,1909f56bfc062723c751e8b465ee728b) (PreviewImporter) -> (artifact id: '2338c9d5c6429c0a5ba467134ddff717') in 0.000340083 seconds
Number of updated asset objects reloaded before import = 0Number of asset objects unloaded after import = 0

========================================================================
Received Prepare
Begin MonoManager ReloadAssembly
Thread 0x31f587000 may have been prematurely finalized
- Loaded All Assemblies, in  0.491 seconds
Refreshing native plugins compatible for Editor in 0.51 ms, found 3 plugins.
Native extension for OSXStandalone target not found
Native extension for WebGL target not found
Mono: successfully reloaded assembly
- Finished resetting the current domain, in  0.543 seconds
Domain Reload Profiling: 1037ms
	BeginReloadAssembly (125ms)
		ExecutionOrderSort (0ms)
		DisableScriptedObjects (8ms)
		BackupInstance (0ms)
		ReleaseScriptingObjects (0ms)
		CreateAndSetChildDomain (50ms)
	RebuildCommonClasses (27ms)
	RebuildNativeTypeToScriptingClass (10ms)
	initialDomainReloadingComplete (14ms)
	LoadAllAssembliesAndSetupDomain (316ms)
		LoadAssemblies (206ms)
		RebuildTransferFunctionScriptingTraits (0ms)
		AnalyzeDomain (148ms)
			TypeCache.Refresh (9ms)
				TypeCache.ScanAssembly (0ms)
			BuildScriptInfoCaches (129ms)
			ResolveRequiredComponents (8ms)
	FinalizeReload (544ms)
		ReleaseScriptCaches (0ms)
		RebuildScriptCaches (0ms)
		SetupLoadedEditorAssemblies (408ms)
			LogAssemblyErrors (0ms)
			InitializePlatformSupportModulesInManaged (2ms)
			SetLoadedEditorAssemblies (3ms)
			BeforeProcessingInitializeOnLoad (80ms)
			ProcessInitializeOnLoadAttributes (277ms)
			ProcessInitializeOnLoadMethodAttributes (45ms)
			AfterProcessingInitializeOnLoad (1ms)
			EditorAssembliesLoaded (0ms)
		ExecutionOrderSort2 (0ms)
		AwakeInstancesAfterBackupRestoration (6ms)
Refreshing native plugins compatible for Editor in 0.50 ms, found 3 plugins.
Preloading 0 native plugins for Editor in 0.00 ms.
Unloading 14 Unused Serialized files (Serialized files now loaded: 0)
Unloading 6562 unused Assets / (2.9 MB). Loaded Objects now: 7272.
Memory consumption went from 154.5 MB to 151.6 MB.
Total: 7.394833 ms (FindLiveObjects: 0.549166 ms CreateObjectMapping: 0.369208 ms MarkObjects: 4.757833 ms  DeleteObjects: 1.718000 ms)

Prepare: number of updated asset objects reloaded= 0
========================================================================
Received Prepare
Begin MonoManager ReloadAssembly
Thread 0x31eeff000 may have been prematurely finalized
- Loaded All Assemblies, in  0.517 seconds
Refreshing native plugins compatible for Editor in 0.51 ms, found 3 plugins.
Native extension for OSXStandalone target not found
Native extension for WebGL target not found
Mono: successfully reloaded assembly
- Finished resetting the current domain, in  0.551 seconds
Domain Reload Profiling: 1071ms
	BeginReloadAssembly (121ms)
		ExecutionOrderSort (0ms)
		DisableScriptedObjects (8ms)
		BackupInstance (0ms)
		ReleaseScriptingObjects (0ms)
		CreateAndSetChildDomain (47ms)
	RebuildCommonClasses (29ms)
	RebuildNativeTypeToScriptingClass (10ms)
	initialDomainReloadingComplete (14ms)
	LoadAllAssembliesAndSetupDomain (346ms)
		LoadAssemblies (230ms)
		RebuildTransferFunctionScriptingTraits (0ms)
		AnalyzeDomain (151ms)
			TypeCache.Refresh (9ms)
				TypeCache.ScanAssembly (0ms)
			BuildScriptInfoCaches (131ms)
			ResolveRequiredComponents (8ms)
	FinalizeReload (552ms)
		ReleaseScriptCaches (0ms)
		RebuildScriptCaches (0ms)
		SetupLoadedEditorAssemblies (419ms)
			LogAssemblyErrors (0ms)
			InitializePlatformSupportModulesInManaged (2ms)
			SetLoadedEditorAssemblies (3ms)
			BeforeProcessingInitializeOnLoad (84ms)
			ProcessInitializeOnLoadAttributes (282ms)
			ProcessInitializeOnLoadMethodAttributes (48ms)
			AfterProcessingInitializeOnLoad (1ms)
			EditorAssembliesLoaded (0ms)
		ExecutionOrderSort2 (0ms)
		AwakeInstancesAfterBackupRestoration (7ms)
Refreshing native plugins compatible for Editor in 0.58 ms, found 3 plugins.
Preloading 0 native plugins for Editor in 0.00 ms.
Unloading 14 Unused Serialized files (Serialized files now loaded: 0)
Unloading 6562 unused Assets / (3.1 MB). Loaded Objects now: 7274.
Memory consumption went from 153.6 MB to 150.4 MB.
Total: 7.417833 ms (FindLiveObjects: 0.474666 ms CreateObjectMapping: 0.282000 ms MarkObjects: 4.922417 ms  DeleteObjects: 1.738208 ms)

Prepare: number of updated asset objects reloaded= 0
========================================================================
Received Import Request.
  Time since last request: 311.598611 seconds.
  path: Assets
  artifactKey: Guid(00000000000000001000000000000000) Importer(815301076,1909f56bfc062723c751e8b465ee728b)
Start importing Assets using Guid(00000000000000001000000000000000) Importer(815301076,1909f56bfc062723c751e8b465ee728b) (PreviewImporter) -> (artifact id: 'c391582d739b6e62a5220f35cbb167ac') in 0.001201791 seconds
Number of updated asset objects reloaded before import = 0Number of asset objects unloaded after import = 0

========================================================================
Received Prepare
Refreshing native plugins compatible for Editor in 0.48 ms, found 3 plugins.
Preloading 0 native plugins for Editor in 0.00 ms.
Unloading 14 Unused Serialized files (Serialized files now loaded: 0)
Unloading 6552 unused Assets / (4.1 MB). Loaded Objects now: 7275.
Memory consumption went from 143.3 MB to 139.2 MB.
Total: 6.482166 ms (FindLiveObjects: 0.413083 ms CreateObjectMapping: 0.265083 ms MarkObjects: 4.220625 ms  DeleteObjects: 1.582916 ms)

Prepare: number of updated asset objects reloaded= 0
========================================================================
Received Import Request.
  Time since last request: 27.938985 seconds.
  path: Assets/SproutFollower.cs
  artifactKey: Guid(701ec3b78c94a4a7db92822be1d92e84) Importer(815301076,1909f56bfc062723c751e8b465ee728b)
Start importing Assets/SproutFollower.cs using Guid(701ec3b78c94a4a7db92822be1d92e84) Importer(815301076,1909f56bfc062723c751e8b465ee728b) (PreviewImporter) -> (artifact id: '3861258f9e587ca4b25a2711941383c1') in 0.000481083 seconds
Number of updated asset objects reloaded before import = 0Number of asset objects unloaded after import = 0

========================================================================
Received Import Request.
  Time since last request: 1.170696 seconds.
  path: Assets/PlantFollower.cs
  artifactKey: Guid(2168117c97241440dae4d5c9cd42b96b) Importer(815301076,1909f56bfc062723c751e8b465ee728b)
Start importing Assets/PlantFollower.cs using Guid(2168117c97241440dae4d5c9cd42b96b) Importer(815301076,1909f56bfc062723c751e8b465ee728b) (PreviewImporter) -> (artifact id: '0cb2a04c9370e7353a8640a64ff1fd18') in 0.000326625 seconds
Number of updated asset objects reloaded before import = 0Number of asset objects unloaded after import = 0

========================================================================
Received Prepare
Begin MonoManager ReloadAssembly
Thread 0x31f23f000 may have been prematurely finalized
- Loaded All Assemblies, in  0.511 seconds
Refreshing native plugins compatible for Editor in 0.41 ms, found 3 plugins.
Native extension for OSXStandalone target not found
Native extension for WebGL target not found
Mono: successfully reloaded assembly
- Finished resetting the current domain, in  0.499 seconds
Domain Reload Profiling: 1012ms
	BeginReloadAssembly (127ms)
		ExecutionOrderSort (0ms)
		DisableScriptedObjects (9ms)
		BackupInstance (0ms)
		ReleaseScriptingObjects (0ms)
		CreateAndSetChildDomain (52ms)
	RebuildCommonClasses (28ms)
	RebuildNativeTypeToScriptingClass (10ms)
	initialDomainReloadingComplete (15ms)
	LoadAllAssembliesAndSetupDomain (332ms)
		LoadAssemblies (216ms)
		RebuildTransferFunctionScriptingTraits (0ms)
		AnalyzeDomain (151ms)
			TypeCache.Refresh (10ms)
				TypeCache.ScanAssembly (0ms)
			BuildScriptInfoCaches (131ms)
			ResolveRequiredComponents (7ms)
	FinalizeReload (499ms)
		ReleaseScriptCaches (0ms)
		RebuildScriptCaches (0ms)
		SetupLoadedEditorAssemblies (367ms)
			LogAssemblyErrors (0ms)
			InitializePlatformSupportModulesInManaged (3ms)
			SetLoadedEditorAssemblies (3ms)
			BeforeProcessingInitializeOnLoad (83ms)
			ProcessInitializeOnLoadAttributes (237ms)
			ProcessInitializeOnLoadMethodAttributes (40ms)
			AfterProcessingInitializeOnLoad (1ms)
			EditorAssembliesLoaded (0ms)
		ExecutionOrderSort2 (0ms)
		AwakeInstancesAfterBackupRestoration (6ms)
Refreshing native plugins compatible for Editor in 0.56 ms, found 3 plugins.
Preloading 0 native plugins for Editor in 0.00 ms.
Unloading 14 Unused Serialized files (Serialized files now loaded: 0)
Unloading 6563 unused Assets / (4.1 MB). Loaded Objects now: 7277.
Memory consumption went from 150.1 MB to 145.9 MB.
Total: 6.131916 ms (FindLiveObjects: 0.441125 ms CreateObjectMapping: 0.224042 ms MarkObjects: 3.938125 ms  DeleteObjects: 1.528166 ms)

Prepare: number of updated asset objects reloaded= 0
========================================================================
Received Import Request.
  Time since last request: 19.578893 seconds.
  path: Assets/SproutFollower.cs
  artifactKey: Guid(701ec3b78c94a4a7db92822be1d92e84) Importer(815301076,1909f56bfc062723c751e8b465ee728b)
Start importing Assets/SproutFollower.cs using Guid(701ec3b78c94a4a7db92822be1d92e84) Importer(815301076,1909f56bfc062723c751e8b465ee728b) (PreviewImporter) -> (artifact id: '1a1737a291f93f32a38b2aabba39ea80') in 0.001024916 seconds
Number of updated asset objects reloaded before import = 0Number of asset objects unloaded after import = 0

========================================================================
Received Prepare
Refreshing native plugins compatible for Editor in 0.53 ms, found 3 plugins.
Preloading 0 native plugins for Editor in 0.00 ms.
Unloading 14 Unused Serialized files (Serialized files now loaded: 0)
Unloading 6551 unused Assets / (3.1 MB). Loaded Objects now: 7276.
Memory consumption went from 142.5 MB to 139.5 MB.
Total: 6.353625 ms (FindLiveObjects: 0.399709 ms CreateObjectMapping: 0.247250 ms MarkObjects: 4.241667 ms  DeleteObjects: 1.464458 ms)

Prepare: number of updated asset objects reloaded= 0
========================================================================
Received Prepare
Begin MonoManager ReloadAssembly
Thread 0x31f647000 may have been prematurely finalized
- Loaded All Assemblies, in  0.481 seconds
Refreshing native plugins compatible for Editor in 0.42 ms, found 3 plugins.
Native extension for OSXStandalone target not found
Native extension for WebGL target not found
Mono: successfully reloaded assembly
- Finished resetting the current domain, in  0.510 seconds
Domain Reload Profiling: 993ms
	BeginReloadAssembly (127ms)
		ExecutionOrderSort (0ms)
		DisableScriptedObjects (9ms)
		BackupInstance (0ms)
		ReleaseScriptingObjects (0ms)
		CreateAndSetChildDomain (51ms)
	RebuildCommonClasses (28ms)
	RebuildNativeTypeToScriptingClass (10ms)
	initialDomainReloadingComplete (15ms)
	LoadAllAssembliesAndSetupDomain (303ms)
		LoadAssemblies (189ms)
		RebuildTransferFunctionScriptingTraits (0ms)
		AnalyzeDomain (152ms)
			TypeCache.Refresh (11ms)
				TypeCache.ScanAssembly (0ms)
			BuildScriptInfoCaches (131ms)
			ResolveRequiredComponents (8ms)
	FinalizeReload (510ms)
		ReleaseScriptCaches (0ms)
		RebuildScriptCaches (0ms)
		SetupLoadedEditorAssemblies (376ms)
			LogAssemblyErrors (0ms)
			InitializePlatformSupportModulesInManaged (2ms)
			SetLoadedEditorAssemblies (3ms)
			BeforeProcessingInitializeOnLoad (84ms)
			ProcessInitializeOnLoadAttributes (245ms)
			ProcessInitializeOnLoadMethodAttributes (40ms)
			AfterProcessingInitializeOnLoad (2ms)
			EditorAssembliesLoaded (0ms)
		ExecutionOrderSort2 (0ms)
		AwakeInstancesAfterBackupRestoration (5ms)
Refreshing native plugins compatible for Editor in 0.50 ms, found 3 plugins.
Preloading 0 native plugins for Editor in 0.00 ms.
Unloading 14 Unused Serialized files (Serialized files now loaded: 0)
Unloading 6562 unused Assets / (3.4 MB). Loaded Objects now: 7278.
Memory consumption went from 148.8 MB to 145.4 MB.
Total: 6.423000 ms (FindLiveObjects: 0.432459 ms CreateObjectMapping: 0.262000 ms MarkObjects: 4.187500 ms  DeleteObjects: 1.540583 ms)

Prepare: number of updated asset objects reloaded= 0
========================================================================
Received Prepare
Begin MonoManager ReloadAssembly
Thread 0x31f847000 may have been prematurely finalized
- Loaded All Assemblies, in  0.476 seconds
Refreshing native plugins compatible for Editor in 0.52 ms, found 3 plugins.
Native extension for OSXStandalone target not found
Native extension for WebGL target not found
Mono: successfully reloaded assembly
- Finished resetting the current domain, in  0.557 seconds
Domain Reload Profiling: 1036ms
	BeginReloadAssembly (121ms)
		ExecutionOrderSort (0ms)
		DisableScriptedObjects (8ms)
		BackupInstance (0ms)
		ReleaseScriptingObjects (0ms)
		CreateAndSetChildDomain (48ms)
	RebuildCommonClasses (28ms)
	RebuildNativeTypeToScriptingClass (10ms)
	initialDomainReloadingComplete (14ms)
	LoadAllAssembliesAndSetupDomain (305ms)
		LoadAssemblies (189ms)
		RebuildTransferFunctionScriptingTraits (0ms)
		AnalyzeDomain (151ms)
			TypeCache.Refresh (8ms)
				TypeCache.ScanAssembly (0ms)
			BuildScriptInfoCaches (132ms)
			ResolveRequiredComponents (8ms)
	FinalizeReload (558ms)
		ReleaseScriptCaches (0ms)
		RebuildScriptCaches (0ms)
		SetupLoadedEditorAssemblies (424ms)
			LogAssemblyErrors (0ms)
			InitializePlatformSupportModulesInManaged (2ms)
			SetLoadedEditorAssemblies (3ms)
			BeforeProcessingInitializeOnLoad (93ms)
			ProcessInitializeOnLoadAttributes (275ms)
			ProcessInitializeOnLoadMethodAttributes (50ms)
			AfterProcessingInitializeOnLoad (1ms)
			EditorAssembliesLoaded (0ms)
		ExecutionOrderSort2 (0ms)
		AwakeInstancesAfterBackupRestoration (7ms)
Refreshing native plugins compatible for Editor in 0.50 ms, found 3 plugins.
Preloading 0 native plugins for Editor in 0.00 ms.
Unloading 14 Unused Serialized files (Serialized files now loaded: 0)
Unloading 6562 unused Assets / (3.4 MB). Loaded Objects now: 7280.
Memory consumption went from 148.7 MB to 145.3 MB.
Total: 7.572834 ms (FindLiveObjects: 0.460542 ms CreateObjectMapping: 0.320750 ms MarkObjects: 4.855083 ms  DeleteObjects: 1.936000 ms)

Prepare: number of updated asset objects reloaded= 0
========================================================================
Received Prepare
Begin MonoManager ReloadAssembly
Thread 0x16f877000 may have been prematurely finalized
- Loaded All Assemblies, in  0.498 seconds
Refreshing native plugins compatible for Editor in 0.48 ms, found 3 plugins.
Native extension for OSXStandalone target not found
Native extension for WebGL target not found
Mono: successfully reloaded assembly
- Finished resetting the current domain, in  0.593 seconds
Domain Reload Profiling: 1093ms
	BeginReloadAssembly (127ms)
		ExecutionOrderSort (0ms)
		DisableScriptedObjects (8ms)
		BackupInstance (0ms)
		ReleaseScriptingObjects (0ms)
		CreateAndSetChildDomain (48ms)
	RebuildCommonClasses (28ms)
	RebuildNativeTypeToScriptingClass (10ms)
	initialDomainReloadingComplete (14ms)
	LoadAllAssembliesAndSetupDomain (320ms)
		LoadAssemblies (206ms)
		RebuildTransferFunctionScriptingTraits (0ms)
		AnalyzeDomain (151ms)
			TypeCache.Refresh (8ms)
				TypeCache.ScanAssembly (0ms)
			BuildScriptInfoCaches (132ms)
			ResolveRequiredComponents (8ms)
	FinalizeReload (593ms)
		ReleaseScriptCaches (0ms)
		RebuildScriptCaches (0ms)
		SetupLoadedEditorAssemblies (454ms)
			LogAssemblyErrors (0ms)
			InitializePlatformSupportModulesInManaged (2ms)
			SetLoadedEditorAssemblies (3ms)
			BeforeProcessingInitializeOnLoad (91ms)
			ProcessInitializeOnLoadAttributes (308ms)
			ProcessInitializeOnLoadMethodAttributes (49ms)
			AfterProcessingInitializeOnLoad (1ms)
			EditorAssembliesLoaded (0ms)
		ExecutionOrderSort2 (0ms)
		AwakeInstancesAfterBackupRestoration (7ms)
Refreshing native plugins compatible for Editor in 0.54 ms, found 3 plugins.
Preloading 0 native plugins for Editor in 0.00 ms.
Unloading 14 Unused Serialized files (Serialized files now loaded: 0)
Unloading 6562 unused Assets / (3.1 MB). Loaded Objects now: 7282.
Memory consumption went from 148.8 MB to 145.6 MB.
Total: 6.894042 ms (FindLiveObjects: 0.422542 ms CreateObjectMapping: 0.257041 ms MarkObjects: 4.514375 ms  DeleteObjects: 1.699459 ms)

Prepare: number of updated asset objects reloaded= 0
========================================================================
Received Import Request.
  Time since last request: 66.958710 seconds.
  path: Assets/PlayerMovement.cs
  artifactKey: Guid(62eff45078c7b46928a65a9b8e514bd2) Importer(815301076,1909f56bfc062723c751e8b465ee728b)
Start importing Assets/PlayerMovement.cs using Guid(62eff45078c7b46928a65a9b8e514bd2) Importer(815301076,1909f56bfc062723c751e8b465ee728b) (PreviewImporter) -> (artifact id: '104e1cd4985e1454e35fc6943b88ac41') in 0.000890667 seconds
Number of updated asset objects reloaded before import = 0Number of asset objects unloaded after import = 0

========================================================================
Received Prepare
Begin MonoManager ReloadAssembly
Thread 0x16f877000 may have been prematurely finalized
- Loaded All Assemblies, in  0.475 seconds
Refreshing native plugins compatible for Editor in 0.36 ms, found 3 plugins.
Native extension for OSXStandalone target not found
Native extension for WebGL target not found
Mono: successfully reloaded assembly
- Finished resetting the current domain, in  0.563 seconds
Domain Reload Profiling: 1041ms
	BeginReloadAssembly (126ms)
		ExecutionOrderSort (0ms)
		DisableScriptedObjects (9ms)
		BackupInstance (0ms)
		ReleaseScriptingObjects (0ms)
		CreateAndSetChildDomain (49ms)
	RebuildCommonClasses (28ms)
	RebuildNativeTypeToScriptingClass (10ms)
	initialDomainReloadingComplete (14ms)
	LoadAllAssembliesAndSetupDomain (299ms)
		LoadAssemblies (187ms)
		RebuildTransferFunctionScriptingTraits (0ms)
		AnalyzeDomain (149ms)
			TypeCache.Refresh (7ms)
				TypeCache.ScanAssembly (0ms)
			BuildScriptInfoCaches (132ms)
			ResolveRequiredComponents (8ms)
	FinalizeReload (564ms)
		ReleaseScriptCaches (0ms)
		RebuildScriptCaches (0ms)
		SetupLoadedEditorAssemblies (428ms)
			LogAssemblyErrors (0ms)
			InitializePlatformSupportModulesInManaged (2ms)
			SetLoadedEditorAssemblies (3ms)
			BeforeProcessingInitializeOnLoad (87ms)
			ProcessInitializeOnLoadAttributes (282ms)
			ProcessInitializeOnLoadMethodAttributes (52ms)
			AfterProcessingInitializeOnLoad (1ms)
			EditorAssembliesLoaded (0ms)
		ExecutionOrderSort2 (0ms)
		AwakeInstancesAfterBackupRestoration (7ms)
Refreshing native plugins compatible for Editor in 0.62 ms, found 3 plugins.
Preloading 0 native plugins for Editor in 0.00 ms.
Unloading 14 Unused Serialized files (Serialized files now loaded: 0)
Unloading 6562 unused Assets / (3.2 MB). Loaded Objects now: 7284.
Memory consumption went from 148.8 MB to 145.6 MB.
Total: 7.669291 ms (FindLiveObjects: 0.473916 ms CreateObjectMapping: 0.279042 ms MarkObjects: 4.761042 ms  DeleteObjects: 2.154750 ms)

Prepare: number of updated asset objects reloaded= 0
========================================================================
Received Prepare
Refreshing native plugins compatible for Editor in 0.58 ms, found 3 plugins.
Preloading 0 native plugins for Editor in 0.00 ms.
Unloading 14 Unused Serialized files (Serialized files now loaded: 0)
Unloading 6552 unused Assets / (3.9 MB). Loaded Objects now: 7285.
Memory consumption went from 142.6 MB to 138.6 MB.
Total: 11.263166 ms (FindLiveObjects: 0.518125 ms CreateObjectMapping: 0.245208 ms MarkObjects: 8.837250 ms  DeleteObjects: 1.662500 ms)

Prepare: number of updated asset objects reloaded= 0
========================================================================
Received Prepare
Begin MonoManager ReloadAssembly
Thread 0x16f877000 may have been prematurely finalized
- Loaded All Assemblies, in  0.550 seconds
Refreshing native plugins compatible for Editor in 0.43 ms, found 3 plugins.
Native extension for OSXStandalone target not found
Native extension for WebGL target not found
Mono: successfully reloaded assembly
- Finished resetting the current domain, in  0.500 seconds
Domain Reload Profiling: 1052ms
	BeginReloadAssembly (150ms)
		ExecutionOrderSort (0ms)
		DisableScriptedObjects (10ms)
		BackupInstance (0ms)
		ReleaseScriptingObjects (0ms)
		CreateAndSetChildDomain (67ms)
	RebuildCommonClasses (29ms)
	RebuildNativeTypeToScriptingClass (10ms)
	initialDomainReloadingComplete (24ms)
	LoadAllAssembliesAndSetupDomain (339ms)
		LoadAssemblies (223ms)
		RebuildTransferFunctionScriptingTraits (0ms)
		AnalyzeDomain (155ms)
			TypeCache.Refresh (11ms)
				TypeCache.ScanAssembly (0ms)
			BuildScriptInfoCaches (133ms)
			ResolveRequiredComponents (8ms)
	FinalizeReload (501ms)
		ReleaseScriptCaches (0ms)
		RebuildScriptCaches (0ms)
		SetupLoadedEditorAssemblies (366ms)
			LogAssemblyErrors (0ms)
			InitializePlatformSupportModulesInManaged (3ms)
			SetLoadedEditorAssemblies (3ms)
			BeforeProcessingInitializeOnLoad (79ms)
			ProcessInitializeOnLoadAttributes (240ms)
			ProcessInitializeOnLoadMethodAttributes (39ms)
			AfterProcessingInitializeOnLoad (2ms)
			EditorAssembliesLoaded (0ms)
		ExecutionOrderSort2 (0ms)
		AwakeInstancesAfterBackupRestoration (5ms)
Refreshing native plugins compatible for Editor in 0.57 ms, found 3 plugins.
Preloading 0 native plugins for Editor in 0.00 ms.
Unloading 14 Unused Serialized files (Serialized files now loaded: 0)
Unloading 6563 unused Assets / (4.2 MB). Loaded Objects now: 7287.
Memory consumption went from 148.7 MB to 144.4 MB.
Total: 6.145500 ms (FindLiveObjects: 0.418250 ms CreateObjectMapping: 0.228250 ms MarkObjects: 3.939166 ms  DeleteObjects: 1.559417 ms)

Prepare: number of updated asset objects reloaded= 0
========================================================================
Received Prepare
Refreshing native plugins compatible for Editor in 0.54 ms, found 3 plugins.
Preloading 0 native plugins for Editor in 0.00 ms.
Unloading 14 Unused Serialized files (Serialized files now loaded: 0)
Unloading 6551 unused Assets / (3.9 MB). Loaded Objects now: 7286.
Memory consumption went from 142.6 MB to 138.7 MB.
Total: 6.621083 ms (FindLiveObjects: 0.444083 ms CreateObjectMapping: 0.263167 ms MarkObjects: 4.227083 ms  DeleteObjects: 1.686167 ms)

Prepare: number of updated asset objects reloaded= 0
========================================================================
Received Prepare
Begin MonoManager ReloadAssembly
Thread 0x16f877000 may have been prematurely finalized
- Loaded All Assemblies, in  0.500 seconds
Refreshing native plugins compatible for Editor in 0.63 ms, found 3 plugins.
Native extension for OSXStandalone target not found
Native extension for WebGL target not found
Mono: successfully reloaded assembly
- Finished resetting the current domain, in  0.507 seconds
Domain Reload Profiling: 1010ms
	BeginReloadAssembly (126ms)
		ExecutionOrderSort (0ms)
		DisableScriptedObjects (9ms)
		BackupInstance (0ms)
		ReleaseScriptingObjects (0ms)
		CreateAndSetChildDomain (52ms)
	RebuildCommonClasses (28ms)
	RebuildNativeTypeToScriptingClass (10ms)
	initialDomainReloadingComplete (14ms)
	LoadAllAssembliesAndSetupDomain (324ms)
		LoadAssemblies (206ms)
		RebuildTransferFunctionScriptingTraits (0ms)
		AnalyzeDomain (155ms)
			TypeCache.Refresh (11ms)
				TypeCache.ScanAssembly (0ms)
			BuildScriptInfoCaches (134ms)
			ResolveRequiredComponents (8ms)
	FinalizeReload (507ms)
		ReleaseScriptCaches (0ms)
		RebuildScriptCaches (0ms)
		SetupLoadedEditorAssemblies (376ms)
			LogAssemblyErrors (0ms)
			InitializePlatformSupportModulesInManaged (2ms)
			SetLoadedEditorAssemblies (3ms)
			BeforeProcessingInitializeOnLoad (81ms)
			ProcessInitializeOnLoadAttributes (249ms)
			ProcessInitializeOnLoadMethodAttributes (41ms)
			AfterProcessingInitializeOnLoad (1ms)
			EditorAssembliesLoaded (0ms)
		ExecutionOrderSort2 (0ms)
		AwakeInstancesAfterBackupRestoration (5ms)
Refreshing native plugins compatible for Editor in 0.58 ms, found 3 plugins.
Preloading 0 native plugins for Editor in 0.00 ms.
Unloading 14 Unused Serialized files (Serialized files now loaded: 0)
Unloading 6562 unused Assets / (3.9 MB). Loaded Objects now: 7288.
Memory consumption went from 148.7 MB to 144.8 MB.
Total: 6.169416 ms (FindLiveObjects: 0.430417 ms CreateObjectMapping: 0.234708 ms MarkObjects: 3.975250 ms  DeleteObjects: 1.528791 ms)

Prepare: number of updated asset objects reloaded= 0
========================================================================
Received Prepare
Refreshing native plugins compatible for Editor in 0.50 ms, found 3 plugins.
Preloading 0 native plugins for Editor in 0.00 ms.
Unloading 14 Unused Serialized files (Serialized files now loaded: 0)
Unloading 6552 unused Assets / (3.0 MB). Loaded Objects now: 7289.
Memory consumption went from 142.6 MB to 139.5 MB.
Total: 6.918958 ms (FindLiveObjects: 0.420042 ms CreateObjectMapping: 0.269583 ms MarkObjects: 4.457750 ms  DeleteObjects: 1.770958 ms)

Prepare: number of updated asset objects reloaded= 0
========================================================================
Received Import Request.
  Time since last request: 307.287381 seconds.
  path: Assets/RockGateOpener.cs
  artifactKey: Guid(d0d8e36f16c80486dbaea6dc66542df8) Importer(815301076,1909f56bfc062723c751e8b465ee728b)
Start importing Assets/RockGateOpener.cs using Guid(d0d8e36f16c80486dbaea6dc66542df8) Importer(815301076,1909f56bfc062723c751e8b465ee728b) (PreviewImporter) -> (artifact id: 'fa65968642e455371b47e4ca6bc876e9') in 0.001031083 seconds
Number of updated asset objects reloaded before import = 0Number of asset objects unloaded after import = 0

========================================================================
Received Prepare
Begin MonoManager ReloadAssembly
Thread 0x16f877000 may have been prematurely finalized
- Loaded All Assemblies, in  0.520 seconds
Refreshing native plugins compatible for Editor in 0.38 ms, found 3 plugins.
Native extension for OSXStandalone target not found
Native extension for WebGL target not found
Mono: successfully reloaded assembly
- Finished resetting the current domain, in  0.531 seconds
Domain Reload Profiling: 1053ms
	BeginReloadAssembly (131ms)
		ExecutionOrderSort (0ms)
		DisableScriptedObjects (8ms)
		BackupInstance (0ms)
		ReleaseScriptingObjects (0ms)
		CreateAndSetChildDomain (52ms)
	RebuildCommonClasses (29ms)
	RebuildNativeTypeToScriptingClass (10ms)
	initialDomainReloadingComplete (15ms)
	LoadAllAssembliesAndSetupDomain (338ms)
		LoadAssemblies (222ms)
		RebuildTransferFunctionScriptingTraits (0ms)
		AnalyzeDomain (156ms)
			TypeCache.Refresh (11ms)
				TypeCache.ScanAssembly (0ms)
			BuildScriptInfoCaches (135ms)
			ResolveRequiredComponents (8ms)
	FinalizeReload (531ms)
		ReleaseScriptCaches (0ms)
		RebuildScriptCaches (0ms)
		SetupLoadedEditorAssemblies (390ms)
			LogAssemblyErrors (0ms)
			InitializePlatformSupportModulesInManaged (2ms)
			SetLoadedEditorAssemblies (3ms)
			BeforeProcessingInitializeOnLoad (89ms)
			ProcessInitializeOnLoadAttributes (255ms)
			ProcessInitializeOnLoadMethodAttributes (40ms)
			AfterProcessingInitializeOnLoad (1ms)
			EditorAssembliesLoaded (0ms)
		ExecutionOrderSort2 (0ms)
		AwakeInstancesAfterBackupRestoration (5ms)
Refreshing native plugins compatible for Editor in 0.46 ms, found 3 plugins.
Preloading 0 native plugins for Editor in 0.00 ms.
Unloading 14 Unused Serialized files (Serialized files now loaded: 0)
Unloading 6563 unused Assets / (4.3 MB). Loaded Objects now: 7291.
Memory consumption went from 148.6 MB to 144.3 MB.
Total: 6.230667 ms (FindLiveObjects: 0.436459 ms CreateObjectMapping: 0.277083 ms MarkObjects: 3.945417 ms  DeleteObjects: 1.570917 ms)

Prepare: number of updated asset objects reloaded= 0
========================================================================
Received Prepare
Begin MonoManager ReloadAssembly
Thread 0x16f877000 may have been prematurely finalized
- Loaded All Assemblies, in  0.523 seconds
Refreshing native plugins compatible for Editor in 0.51 ms, found 3 plugins.
Native extension for OSXStandalone target not found
Native extension for WebGL target not found
Mono: successfully reloaded assembly
- Finished resetting the current domain, in  0.527 seconds
Domain Reload Profiling: 1052ms
	BeginReloadAssembly (128ms)
		ExecutionOrderSort (0ms)
		DisableScriptedObjects (9ms)
		BackupInstance (0ms)
		ReleaseScriptingObjects (0ms)
		CreateAndSetChildDomain (52ms)
	RebuildCommonClasses (28ms)
	RebuildNativeTypeToScriptingClass (10ms)
	initialDomainReloadingComplete (14ms)
	LoadAllAssembliesAndSetupDomain (346ms)
		LoadAssemblies (223ms)
		RebuildTransferFunctionScriptingTraits (0ms)
		AnalyzeDomain (159ms)
			TypeCache.Refresh (12ms)
				TypeCache.ScanAssembly (0ms)
			BuildScriptInfoCaches (137ms)
			ResolveRequiredComponents (7ms)
	FinalizeReload (527ms)
		ReleaseScriptCaches (0ms)
		RebuildScriptCaches (0ms)
		SetupLoadedEditorAssemblies (384ms)
			LogAssemblyErrors (0ms)
			InitializePlatformSupportModulesInManaged (3ms)
			SetLoadedEditorAssemblies (3ms)
			BeforeProcessingInitializeOnLoad (91ms)
			ProcessInitializeOnLoadAttributes (247ms)
			ProcessInitializeOnLoadMethodAttributes (41ms)
			AfterProcessingInitializeOnLoad (1ms)
			EditorAssembliesLoaded (0ms)
		ExecutionOrderSort2 (0ms)
		AwakeInstancesAfterBackupRestoration (5ms)
Refreshing native plugins compatible for Editor in 0.47 ms, found 3 plugins.
Preloading 0 native plugins for Editor in 0.00 ms.
Unloading 14 Unused Serialized files (Serialized files now loaded: 0)
Unloading 6563 unused Assets / (4.4 MB). Loaded Objects now: 7293.
Memory consumption went from 148.6 MB to 144.1 MB.
Total: 6.274834 ms (FindLiveObjects: 0.415542 ms CreateObjectMapping: 0.226666 ms MarkObjects: 4.056000 ms  DeleteObjects: 1.576292 ms)

Prepare: number of updated asset objects reloaded= 0
========================================================================
Received Prepare
Begin MonoManager ReloadAssembly
Thread 0x16f877000 may have been prematurely finalized
- Loaded All Assemblies, in  0.505 seconds
Refreshing native plugins compatible for Editor in 0.49 ms, found 3 plugins.
Native extension for OSXStandalone target not found
Native extension for WebGL target not found
Mono: successfully reloaded assembly
- Finished resetting the current domain, in  0.569 seconds
Domain Reload Profiling: 1077ms
	BeginReloadAssembly (126ms)
		ExecutionOrderSort (0ms)
		DisableScriptedObjects (8ms)
		BackupInstance (0ms)
		ReleaseScriptingObjects (0ms)
		CreateAndSetChildDomain (51ms)
	RebuildCommonClasses (28ms)
	RebuildNativeTypeToScriptingClass (10ms)
	initialDomainReloadingComplete (15ms)
	LoadAllAssembliesAndSetupDomain (328ms)
		LoadAssemblies (208ms)
		RebuildTransferFunctionScriptingTraits (0ms)
		AnalyzeDomain (156ms)
			TypeCache.Refresh (10ms)
				TypeCache.ScanAssembly (0ms)
			BuildScriptInfoCaches (136ms)
			ResolveRequiredComponents (8ms)
	FinalizeReload (570ms)
		ReleaseScriptCaches (0ms)
		RebuildScriptCaches (0ms)
		SetupLoadedEditorAssemblies (434ms)
			LogAssemblyErrors (0ms)
			InitializePlatformSupportModulesInManaged (3ms)
			SetLoadedEditorAssemblies (3ms)
			BeforeProcessingInitializeOnLoad (96ms)
			ProcessInitializeOnLoadAttributes (283ms)
			ProcessInitializeOnLoadMethodAttributes (47ms)
			AfterProcessingInitializeOnLoad (2ms)
			EditorAssembliesLoaded (0ms)
		ExecutionOrderSort2 (0ms)
		AwakeInstancesAfterBackupRestoration (6ms)
Refreshing native plugins compatible for Editor in 0.53 ms, found 3 plugins.
Preloading 0 native plugins for Editor in 0.00 ms.
Unloading 14 Unused Serialized files (Serialized files now loaded: 0)
Unloading 6563 unused Assets / (3.5 MB). Loaded Objects now: 7295.
Memory consumption went from 148.6 MB to 145.1 MB.
Total: 7.101000 ms (FindLiveObjects: 0.405708 ms CreateObjectMapping: 0.235917 ms MarkObjects: 4.583667 ms  DeleteObjects: 1.875250 ms)

Prepare: number of updated asset objects reloaded= 0
========================================================================
Received Prepare
Begin MonoManager ReloadAssembly
Thread 0x16f877000 may have been prematurely finalized
- Loaded All Assemblies, in  0.487 seconds
Refreshing native plugins compatible for Editor in 0.49 ms, found 3 plugins.
Native extension for OSXStandalone target not found
Native extension for WebGL target not found
Mono: successfully reloaded assembly
- Finished resetting the current domain, in  0.555 seconds
Domain Reload Profiling: 1046ms
	BeginReloadAssembly (124ms)
		ExecutionOrderSort (0ms)
		DisableScriptedObjects (8ms)
		BackupInstance (0ms)
		ReleaseScriptingObjects (0ms)
		CreateAndSetChildDomain (49ms)
	RebuildCommonClasses (28ms)
	RebuildNativeTypeToScriptingClass (10ms)
	initialDomainReloadingComplete (14ms)
	LoadAllAssembliesAndSetupDomain (314ms)
		LoadAssemblies (196ms)
		RebuildTransferFunctionScriptingTraits (0ms)
		AnalyzeDomain (153ms)
			TypeCache.Refresh (9ms)
				TypeCache.ScanAssembly (0ms)
			BuildScriptInfoCaches (134ms)
			ResolveRequiredComponents (8ms)
	FinalizeReload (556ms)
		ReleaseScriptCaches (0ms)
		RebuildScriptCaches (0ms)
		SetupLoadedEditorAssemblies (417ms)
			LogAssemblyErrors (0ms)
			InitializePlatformSupportModulesInManaged (2ms)
			SetLoadedEditorAssemblies (3ms)
			BeforeProcessingInitializeOnLoad (89ms)
			ProcessInitializeOnLoadAttributes (271ms)
			ProcessInitializeOnLoadMethodAttributes (51ms)
			AfterProcessingInitializeOnLoad (1ms)
			EditorAssembliesLoaded (0ms)
		ExecutionOrderSort2 (0ms)
		AwakeInstancesAfterBackupRestoration (9ms)
Refreshing native plugins compatible for Editor in 0.48 ms, found 3 plugins.
Preloading 0 native plugins for Editor in 0.00 ms.
Unloading 14 Unused Serialized files (Serialized files now loaded: 0)
Unloading 6563 unused Assets / (3.9 MB). Loaded Objects now: 7297.
Memory consumption went from 148.6 MB to 144.7 MB.
Total: 7.713333 ms (FindLiveObjects: 0.484084 ms CreateObjectMapping: 0.325000 ms MarkObjects: 4.797666 ms  DeleteObjects: 2.106042 ms)

Prepare: number of updated asset objects reloaded= 0
========================================================================
Received Prepare
Begin MonoManager ReloadAssembly
Thread 0x16f877000 may have been prematurely finalized
- Loaded All Assemblies, in  0.528 seconds
Refreshing native plugins compatible for Editor in 0.48 ms, found 3 plugins.
Native extension for OSXStandalone target not found
Native extension for WebGL target not found
Mono: successfully reloaded assembly
- Finished resetting the current domain, in  0.570 seconds
Domain Reload Profiling: 1101ms
	BeginReloadAssembly (123ms)
		ExecutionOrderSort (0ms)
		DisableScriptedObjects (8ms)
		BackupInstance (0ms)
		ReleaseScriptingObjects (0ms)
		CreateAndSetChildDomain (50ms)
	RebuildCommonClasses (28ms)
	RebuildNativeTypeToScriptingClass (10ms)
	initialDomainReloadingComplete (14ms)
	LoadAllAssembliesAndSetupDomain (355ms)
		LoadAssemblies (226ms)
		RebuildTransferFunctionScriptingTraits (0ms)
		AnalyzeDomain (164ms)
			TypeCache.Refresh (9ms)
				TypeCache.ScanAssembly (0ms)
			BuildScriptInfoCaches (144ms)
			ResolveRequiredComponents (8ms)
	FinalizeReload (570ms)
		ReleaseScriptCaches (0ms)
		RebuildScriptCaches (0ms)
		SetupLoadedEditorAssemblies (435ms)
			LogAssemblyErrors (0ms)
			InitializePlatformSupportModulesInManaged (2ms)
			SetLoadedEditorAssemblies (3ms)
			BeforeProcessingInitializeOnLoad (88ms)
			ProcessInitializeOnLoadAttributes (291ms)
			ProcessInitializeOnLoadMethodAttributes (50ms)
			AfterProcessingInitializeOnLoad (1ms)
			EditorAssembliesLoaded (0ms)
		ExecutionOrderSort2 (0ms)
		AwakeInstancesAfterBackupRestoration (7ms)
Refreshing native plugins compatible for Editor in 0.61 ms, found 3 plugins.
Preloading 0 native plugins for Editor in 0.00 ms.
Unloading 14 Unused Serialized files (Serialized files now loaded: 0)
Unloading 6563 unused Assets / (3.0 MB). Loaded Objects now: 7299.
Memory consumption went from 148.6 MB to 145.5 MB.
Total: 7.986709 ms (FindLiveObjects: 0.495208 ms CreateObjectMapping: 0.273625 ms MarkObjects: 5.255833 ms  DeleteObjects: 1.961209 ms)

Prepare: number of updated asset objects reloaded= 0
========================================================================
Received Prepare
Begin MonoManager ReloadAssembly
Thread 0x16f877000 may have been prematurely finalized
- Loaded All Assemblies, in  0.494 seconds
Refreshing native plugins compatible for Editor in 0.37 ms, found 3 plugins.
Native extension for OSXStandalone target not found
Native extension for WebGL target not found
Mono: successfully reloaded assembly
- Finished resetting the current domain, in  0.566 seconds
Domain Reload Profiling: 1064ms
	BeginReloadAssembly (124ms)
		ExecutionOrderSort (0ms)
		DisableScriptedObjects (9ms)
		BackupInstance (0ms)
		ReleaseScriptingObjects (0ms)
		CreateAndSetChildDomain (50ms)
	RebuildCommonClasses (28ms)
	RebuildNativeTypeToScriptingClass (10ms)
	initialDomainReloadingComplete (15ms)
	LoadAllAssembliesAndSetupDomain (320ms)
		LoadAssemblies (203ms)
		RebuildTransferFunctionScriptingTraits (0ms)
		AnalyzeDomain (152ms)
			TypeCache.Refresh (8ms)
				TypeCache.ScanAssembly (0ms)
			BuildScriptInfoCaches (133ms)
			ResolveRequiredComponents (8ms)
	FinalizeReload (567ms)
		ReleaseScriptCaches (0ms)
		RebuildScriptCaches (0ms)
		SetupLoadedEditorAssemblies (431ms)
			LogAssemblyErrors (0ms)
			InitializePlatformSupportModulesInManaged (2ms)
			SetLoadedEditorAssemblies (3ms)
			BeforeProcessingInitializeOnLoad (91ms)
			ProcessInitializeOnLoadAttributes (281ms)
			ProcessInitializeOnLoadMethodAttributes (52ms)
			AfterProcessingInitializeOnLoad (1ms)
			EditorAssembliesLoaded (0ms)
		ExecutionOrderSort2 (0ms)
		AwakeInstancesAfterBackupRestoration (7ms)
Refreshing native plugins compatible for Editor in 0.59 ms, found 3 plugins.
Preloading 0 native plugins for Editor in 0.00 ms.
Unloading 14 Unused Serialized files (Serialized files now loaded: 0)
Unloading 6563 unused Assets / (4.1 MB). Loaded Objects now: 7301.
Memory consumption went from 148.5 MB to 144.5 MB.
Total: 7.557458 ms (FindLiveObjects: 0.685458 ms CreateObjectMapping: 0.414375 ms MarkObjects: 4.585791 ms  DeleteObjects: 1.871291 ms)

Prepare: number of updated asset objects reloaded= 0
========================================================================
Received Prepare
Begin MonoManager ReloadAssembly
Thread 0x16f877000 may have been prematurely finalized
- Loaded All Assemblies, in  0.506 seconds
Refreshing native plugins compatible for Editor in 0.41 ms, found 3 plugins.
Native extension for OSXStandalone target not found
Native extension for WebGL target not found
Mono: successfully reloaded assembly
- Finished resetting the current domain, in  0.559 seconds
Domain Reload Profiling: 1068ms
	BeginReloadAssembly (131ms)
		ExecutionOrderSort (0ms)
		DisableScriptedObjects (8ms)
		BackupInstance (0ms)
		ReleaseScriptingObjects (0ms)
		CreateAndSetChildDomain (52ms)
	RebuildCommonClasses (28ms)
	RebuildNativeTypeToScriptingClass (10ms)
	initialDomainReloadingComplete (15ms)
	LoadAllAssembliesAndSetupDomain (325ms)
		LoadAssemblies (208ms)
		RebuildTransferFunctionScriptingTraits (0ms)
		AnalyzeDomain (154ms)
			TypeCache.Refresh (9ms)
				TypeCache.ScanAssembly (0ms)
			BuildScriptInfoCaches (135ms)
			ResolveRequiredComponents (8ms)
	FinalizeReload (559ms)
		ReleaseScriptCaches (0ms)
		RebuildScriptCaches (0ms)
		SetupLoadedEditorAssemblies (424ms)
			LogAssemblyErrors (0ms)
			InitializePlatformSupportModulesInManaged (2ms)
			SetLoadedEditorAssemblies (3ms)
			BeforeProcessingInitializeOnLoad (91ms)
			ProcessInitializeOnLoadAttributes (277ms)
			ProcessInitializeOnLoadMethodAttributes (49ms)
			AfterProcessingInitializeOnLoad (1ms)
			EditorAssembliesLoaded (0ms)
		ExecutionOrderSort2 (0ms)
		AwakeInstancesAfterBackupRestoration (6ms)
Refreshing native plugins compatible for Editor in 0.44 ms, found 3 plugins.
Preloading 0 native plugins for Editor in 0.00 ms.
Unloading 14 Unused Serialized files (Serialized files now loaded: 0)
Unloading 6563 unused Assets / (3.0 MB). Loaded Objects now: 7303.
Memory consumption went from 148.6 MB to 145.6 MB.
Total: 7.610042 ms (FindLiveObjects: 0.447584 ms CreateObjectMapping: 0.291000 ms MarkObjects: 4.955166 ms  DeleteObjects: 1.916000 ms)

Prepare: number of updated asset objects reloaded= 0
========================================================================
Received Prepare
Begin MonoManager ReloadAssembly
Thread 0x16f877000 may have been prematurely finalized
- Loaded All Assemblies, in  0.569 seconds
Refreshing native plugins compatible for Editor in 0.38 ms, found 3 plugins.
Native extension for OSXStandalone target not found
Native extension for WebGL target not found
Mono: successfully reloaded assembly
- Finished resetting the current domain, in  0.534 seconds
Domain Reload Profiling: 1106ms
	BeginReloadAssembly (149ms)
		ExecutionOrderSort (0ms)
		DisableScriptedObjects (11ms)
		BackupInstance (0ms)
		ReleaseScriptingObjects (0ms)
		CreateAndSetChildDomain (61ms)
	RebuildCommonClasses (28ms)
	RebuildNativeTypeToScriptingClass (10ms)
	initialDomainReloadingComplete (28ms)
	LoadAllAssembliesAndSetupDomain (357ms)
		LoadAssemblies (238ms)
		RebuildTransferFunctionScriptingTraits (0ms)
		AnalyzeDomain (163ms)
			TypeCache.Refresh (11ms)
				TypeCache.ScanAssembly (0ms)
			BuildScriptInfoCaches (138ms)
			ResolveRequiredComponents (8ms)
	FinalizeReload (534ms)
		ReleaseScriptCaches (0ms)
		RebuildScriptCaches (0ms)
		SetupLoadedEditorAssemblies (378ms)
			LogAssemblyErrors (0ms)
			InitializePlatformSupportModulesInManaged (2ms)
			SetLoadedEditorAssemblies (3ms)
			BeforeProcessingInitializeOnLoad (83ms)
			ProcessInitializeOnLoadAttributes (250ms)
			ProcessInitializeOnLoadMethodAttributes (39ms)
			AfterProcessingInitializeOnLoad (1ms)
			EditorAssembliesLoaded (0ms)
		ExecutionOrderSort2 (0ms)
		AwakeInstancesAfterBackupRestoration (5ms)
Refreshing native plugins compatible for Editor in 0.49 ms, found 3 plugins.
Preloading 0 native plugins for Editor in 0.00 ms.
Unloading 14 Unused Serialized files (Serialized files now loaded: 0)
Unloading 6563 unused Assets / (4.1 MB). Loaded Objects now: 7305.
Memory consumption went from 148.6 MB to 144.5 MB.
Total: 6.396042 ms (FindLiveObjects: 0.419167 ms CreateObjectMapping: 0.278167 ms MarkObjects: 4.096667 ms  DeleteObjects: 1.601250 ms)

Prepare: number of updated asset objects reloaded= 0
========================================================================
Received Prepare
Begin MonoManager ReloadAssembly
Thread 0x16f877000 may have been prematurely finalized
- Loaded All Assemblies, in  0.543 seconds
Refreshing native plugins compatible for Editor in 0.48 ms, found 3 plugins.
Native extension for OSXStandalone target not found
Native extension for WebGL target not found
Mono: successfully reloaded assembly
- Finished resetting the current domain, in  0.611 seconds
Domain Reload Profiling: 1156ms
	BeginReloadAssembly (144ms)
		ExecutionOrderSort (0ms)
		DisableScriptedObjects (8ms)
		BackupInstance (0ms)
		ReleaseScriptingObjects (0ms)
		CreateAndSetChildDomain (64ms)
	RebuildCommonClasses (30ms)
	RebuildNativeTypeToScriptingClass (10ms)
	initialDomainReloadingComplete (15ms)
	LoadAllAssembliesAndSetupDomain (346ms)
		LoadAssemblies (232ms)
		RebuildTransferFunctionScriptingTraits (0ms)
		AnalyzeDomain (155ms)
			TypeCache.Refresh (8ms)
				TypeCache.ScanAssembly (0ms)
			BuildScriptInfoCaches (137ms)
			ResolveRequiredComponents (8ms)
	FinalizeReload (612ms)
		ReleaseScriptCaches (0ms)
		RebuildScriptCaches (0ms)
		SetupLoadedEditorAssemblies (475ms)
			LogAssemblyErrors (0ms)
			InitializePlatformSupportModulesInManaged (2ms)
			SetLoadedEditorAssemblies (3ms)
			BeforeProcessingInitializeOnLoad (89ms)
			ProcessInitializeOnLoadAttributes (330ms)
			ProcessInitializeOnLoadMethodAttributes (49ms)
			AfterProcessingInitializeOnLoad (1ms)
			EditorAssembliesLoaded (0ms)
		ExecutionOrderSort2 (0ms)
		AwakeInstancesAfterBackupRestoration (6ms)
Refreshing native plugins compatible for Editor in 0.47 ms, found 3 plugins.
Preloading 0 native plugins for Editor in 0.00 ms.
Unloading 14 Unused Serialized files (Serialized files now loaded: 0)
Unloading 6563 unused Assets / (3.5 MB). Loaded Objects now: 7307.
Memory consumption went from 148.6 MB to 145.1 MB.
Total: 6.549916 ms (FindLiveObjects: 0.359958 ms CreateObjectMapping: 0.206500 ms MarkObjects: 4.356250 ms  DeleteObjects: 1.626917 ms)

Prepare: number of updated asset objects reloaded= 0
========================================================================
Received Import Request.
  Time since last request: 796.929101 seconds.
  path: Assets/TilePalette
  artifactKey: Guid(c21b4d9ccfc98404e926f408c2828bd4) Importer(815301076,1909f56bfc062723c751e8b465ee728b)
Start importing Assets/TilePalette using Guid(c21b4d9ccfc98404e926f408c2828bd4) Importer(815301076,1909f56bfc062723c751e8b465ee728b) (PreviewImporter) -> (artifact id: 'd16a200da76895dc42815fbd2bd9c6fc') in 0.008607708 seconds
Number of updated asset objects reloaded before import = 0Number of asset objects unloaded after import = 0

========================================================================
Received Import Request.
  Time since last request: 0.000092 seconds.
  path: Assets/TilePalette/Gress 0.asset
  artifactKey: Guid(7e7f61178ae5b4e2d9b72f835b57ea64) Importer(815301076,1909f56bfc062723c751e8b465ee728b)
Start importing Assets/TilePalette/Gress 0.asset using Guid(7e7f61178ae5b4e2d9b72f835b57ea64) Importer(815301076,1909f56bfc062723c751e8b465ee728b) (PreviewImporter) -> (artifact id: 'b976674ddd9b285eb3255ec79343d491') in 0.093542708 seconds
Number of updated asset objects reloaded before import = 0Number of asset objects unloaded after import = 3

========================================================================
Received Import Request.
  Time since last request: 0.000028 seconds.
  path: Assets/TilePalette/Wall 4.asset
  artifactKey: Guid(3f14b92c5883e4f04852fdcfd5376c34) Importer(815301076,1909f56bfc062723c751e8b465ee728b)
Start importing Assets/TilePalette/Wall 4.asset using Guid(3f14b92c5883e4f04852fdcfd5376c34) Importer(815301076,1909f56bfc062723c751e8b465ee728b) (PreviewImporter) -> (artifact id: 'e56e72a7d513ce991dae7132ccd2d8bd') in 0.005263916 seconds
Number of updated asset objects reloaded before import = 0Number of asset objects unloaded after import = 3

========================================================================
Received Import Request.
  Time since last request: 0.000037 seconds.
  path: Assets/TilePalette/Gress 3.asset
  artifactKey: Guid(dc966ba7e048b410f8018092857e34c7) Importer(815301076,1909f56bfc062723c751e8b465ee728b)
Start importing Assets/TilePalette/Gress 3.asset using Guid(dc966ba7e048b410f8018092857e34c7) Importer(815301076,1909f56bfc062723c751e8b465ee728b) (PreviewImporter) -> (artifact id: '3b601735378b3a946b61a8ed8c14fb5a') in 0.003774125 seconds
Number of updated asset objects reloaded before import = 0Number of asset objects unloaded after import = 3

========================================================================
Received Import Request.
  Time since last request: 0.000037 seconds.
  path: Assets/TilePalette/Water 0.asset
  artifactKey: Guid(220826d1343b04b66833ae9c3c4ca5b8) Importer(815301076,1909f56bfc062723c751e8b465ee728b)
Start importing Assets/TilePalette/Water 0.asset using Guid(220826d1343b04b66833ae9c3c4ca5b8) Importer(815301076,1909f56bfc062723c751e8b465ee728b) (PreviewImporter) -> (artifact id: '2f4573ef1467e653a16eb4fc73533001') in 0.004024375 seconds
Number of updated asset objects reloaded before import = 0Number of asset objects unloaded after import = 3

========================================================================
Received Import Request.
  Time since last request: 0.000246 seconds.
  path: Assets/TilePalette/Soil 5.asset
  artifactKey: Guid(02a477ebb64f444cab566fa603775d89) Importer(815301076,1909f56bfc062723c751e8b465ee728b)
Start importing Assets/TilePalette/Soil 5.asset using Guid(02a477ebb64f444cab566fa603775d89) Importer(815301076,1909f56bfc062723c751e8b465ee728b) (PreviewImporter) -> (artifact id: 'a66642682ac9c3d0c5528c55ec58a10a') in 0.00532975 seconds
Number of updated asset objects reloaded before import = 0Number of asset objects unloaded after import = 3

========================================================================
Received Import Request.
  Time since last request: 0.000114 seconds.
  path: Assets/TilePalette/Soil 1.asset
  artifactKey: Guid(c93c31658dbe54e3a947a9189db63421) Importer(815301076,1909f56bfc062723c751e8b465ee728b)
Start importing Assets/TilePalette/Soil 1.asset using Guid(c93c31658dbe54e3a947a9189db63421) Importer(815301076,1909f56bfc062723c751e8b465ee728b) (PreviewImporter) -> (artifact id: 'f4b7d860d4816e2a480598b0aa0b8234') in 0.005707916 seconds
Number of updated asset objects reloaded before import = 0Number of asset objects unloaded after import = 3

========================================================================
Received Import Request.
  Time since last request: 0.000037 seconds.
  path: Assets/TilePalette/Water 8.asset
  artifactKey: Guid(ddea4f5ed1da448ba9f49e5ee2252f60) Importer(815301076,1909f56bfc062723c751e8b465ee728b)
Start importing Assets/TilePalette/Water 8.asset using Guid(ddea4f5ed1da448ba9f49e5ee2252f60) Importer(815301076,1909f56bfc062723c751e8b465ee728b) (PreviewImporter) -> (artifact id: 'e5b3f6d97802a020f43d2204a019fa0a') in 0.00449 seconds
Number of updated asset objects reloaded before import = 0Number of asset objects unloaded after import = 3

========================================================================
Received Import Request.
  Time since last request: 0.000048 seconds.
  path: Assets/TilePalette/Soil 7.asset
  artifactKey: Guid(867b1d3b9a12f41b2b0202285d2c5fa9) Importer(815301076,1909f56bfc062723c751e8b465ee728b)
Start importing Assets/TilePalette/Soil 7.asset using Guid(867b1d3b9a12f41b2b0202285d2c5fa9) Importer(815301076,1909f56bfc062723c751e8b465ee728b) (PreviewImporter) -> (artifact id: '8aba8f2728d1deb8754b117f9e12644d') in 0.004148 seconds
Number of updated asset objects reloaded before import = 0Number of asset objects unloaded after import = 3

========================================================================
Received Import Request.
  Time since last request: 0.000035 seconds.
  path: Assets/TilePalette/Soil 3.asset
  artifactKey: Guid(7e2c9cbe3bb804d0f8d082f766c64160) Importer(815301076,1909f56bfc062723c751e8b465ee728b)
Start importing Assets/TilePalette/Soil 3.asset using Guid(7e2c9cbe3bb804d0f8d082f766c64160) Importer(815301076,1909f56bfc062723c751e8b465ee728b) (PreviewImporter) -> (artifact id: '02f8deb1cd516f623fa162eddc834e32') in 0.004773083 seconds
Number of updated asset objects reloaded before import = 0Number of asset objects unloaded after import = 3

========================================================================
Received Import Request.
  Time since last request: 0.000038 seconds.
  path: Assets/TilePalette/Tiles.png
  artifactKey: Guid(b9b0689f0db7242959ab9c3e91a09845) Importer(815301076,1909f56bfc062723c751e8b465ee728b)
Start importing Assets/TilePalette/Tiles.png using Guid(b9b0689f0db7242959ab9c3e91a09845) Importer(815301076,1909f56bfc062723c751e8b465ee728b) (PreviewImporter) -> (artifact id: '55b20002b4d7c82c9c17a2cad382a5d1') in 0.088972416 seconds
Number of updated asset objects reloaded before import = 0Number of asset objects unloaded after import = 34

========================================================================
Received Import Request.
  Time since last request: 0.000036 seconds.
  path: Assets/TilePalette/Gress 6.asset
  artifactKey: Guid(2bab1a845905b4297b9efa297d401777) Importer(815301076,1909f56bfc062723c751e8b465ee728b)
Start importing Assets/TilePalette/Gress 6.asset using Guid(2bab1a845905b4297b9efa297d401777) Importer(815301076,1909f56bfc062723c751e8b465ee728b) (PreviewImporter) -> (artifact id: '1555680a3ffdcbc92142eaf12e13faff') in 0.003457833 seconds
Number of updated asset objects reloaded before import = 0Number of asset objects unloaded after import = 3

========================================================================
Received Import Request.
  Time since last request: 0.000033 seconds.
  path: Assets/TilePalette/Water 6.asset
  artifactKey: Guid(6bff0144072134006aa371af521f47d1) Importer(815301076,1909f56bfc062723c751e8b465ee728b)
Start importing Assets/TilePalette/Water 6.asset using Guid(6bff0144072134006aa371af521f47d1) Importer(815301076,1909f56bfc062723c751e8b465ee728b) (PreviewImporter) -> (artifact id: 'e2a5568af4025a5aa2c35fc79dfc40a7') in 0.005657792 seconds
Number of updated asset objects reloaded before import = 0Number of asset objects unloaded after import = 3

========================================================================
Received Import Request.
  Time since last request: 0.000039 seconds.
  path: Assets/TilePalette/Soil 8.asset
  artifactKey: Guid(b0cdfd488638d469da065f005375c099) Importer(815301076,1909f56bfc062723c751e8b465ee728b)
Start importing Assets/TilePalette/Soil 8.asset using Guid(b0cdfd488638d469da065f005375c099) Importer(815301076,1909f56bfc062723c751e8b465ee728b) (PreviewImporter) -> (artifact id: '772e3003bc73fb95eb7c3dee205b733a') in 0.003728 seconds
Number of updated asset objects reloaded before import = 0Number of asset objects unloaded after import = 3

========================================================================
Received Import Request.
  Time since last request: 0.000062 seconds.
  path: Assets/TilePalette/Gress 8.asset
  artifactKey: Guid(c3f9f89597ecb4086aacf794a8464152) Importer(815301076,1909f56bfc062723c751e8b465ee728b)
Start importing Assets/TilePalette/Gress 8.asset using Guid(c3f9f89597ecb4086aacf794a8464152) Importer(815301076,1909f56bfc062723c751e8b465ee728b) (PreviewImporter) -> (artifact id: '5916814bbe12d2dff41fa6968ffddce3') in 0.005776542 seconds
Number of updated asset objects reloaded before import = 0Number of asset objects unloaded after import = 3

========================================================================
Received Prepare
Refreshing native plugins compatible for Editor in 0.50 ms, found 3 plugins.
Preloading 0 native plugins for Editor in 0.00 ms.
Unloading 14 Unused Serialized files (Serialized files now loaded: 0)
Unloading 6553 unused Assets / (2.9 MB). Loaded Objects now: 7311.
Memory consumption went from 142.8 MB to 139.9 MB.
Total: 22.022916 ms (FindLiveObjects: 0.486250 ms CreateObjectMapping: 0.249958 ms MarkObjects: 19.721833 ms  DeleteObjects: 1.564125 ms)

Prepare: number of updated asset objects reloaded= 0
========================================================================
Received Import Request.
  Time since last request: 718.713174 seconds.
  path: Assets/LightSwitchTrigger.cs
  artifactKey: Guid(8f67536725c9c432d85d20b07e38d73e) Importer(815301076,1909f56bfc062723c751e8b465ee728b)
Start importing Assets/LightSwitchTrigger.cs using Guid(8f67536725c9c432d85d20b07e38d73e) Importer(815301076,1909f56bfc062723c751e8b465ee728b) (PreviewImporter) -> (artifact id: 'b89d195c0f112858dd5430f5acac4da4') in 0.000632542 seconds
Number of updated asset objects reloaded before import = 0Number of asset objects unloaded after import = 0

========================================================================
Received Prepare
Begin MonoManager ReloadAssembly
Thread 0x16f877000 may have been prematurely finalized
- Loaded All Assemblies, in  0.551 seconds
Refreshing native plugins compatible for Editor in 0.65 ms, found 3 plugins.
Native extension for OSXStandalone target not found
Native extension for WebGL target not found
Mono: successfully reloaded assembly
- Finished resetting the current domain, in  0.502 seconds
Domain Reload Profiling: 1055ms
	BeginReloadAssembly (151ms)
		ExecutionOrderSort (0ms)
		DisableScriptedObjects (10ms)
		BackupInstance (0ms)
		ReleaseScriptingObjects (0ms)
		CreateAndSetChildDomain (66ms)
	RebuildCommonClasses (29ms)
	RebuildNativeTypeToScriptingClass (10ms)
	initialDomainReloadingComplete (16ms)
	LoadAllAssembliesAndSetupDomain (347ms)
		LoadAssemblies (225ms)
		RebuildTransferFunctionScriptingTraits (0ms)
		AnalyzeDomain (164ms)
			TypeCache.Refresh (15ms)
				TypeCache.ScanAssembly (0ms)
			BuildScriptInfoCaches (138ms)
			ResolveRequiredComponents (8ms)
	FinalizeReload (503ms)
		ReleaseScriptCaches (0ms)
		RebuildScriptCaches (0ms)
		SetupLoadedEditorAssemblies (366ms)
			LogAssemblyErrors (0ms)
			InitializePlatformSupportModulesInManaged (2ms)
			SetLoadedEditorAssemblies (3ms)
			BeforeProcessingInitializeOnLoad (85ms)
			ProcessInitializeOnLoadAttributes (238ms)
			ProcessInitializeOnLoadMethodAttributes (37ms)
			AfterProcessingInitializeOnLoad (1ms)
			EditorAssembliesLoaded (0ms)
		ExecutionOrderSort2 (0ms)
		AwakeInstancesAfterBackupRestoration (5ms)
Refreshing native plugins compatible for Editor in 0.51 ms, found 3 plugins.
Preloading 0 native plugins for Editor in 0.00 ms.
Unloading 14 Unused Serialized files (Serialized files now loaded: 0)
Unloading 6564 unused Assets / (4.1 MB). Loaded Objects now: 7312.
Memory consumption went from 148.5 MB to 144.4 MB.
Total: 5.791500 ms (FindLiveObjects: 0.339416 ms CreateObjectMapping: 0.188625 ms MarkObjects: 3.828667 ms  DeleteObjects: 1.434125 ms)

Prepare: number of updated asset objects reloaded= 0
========================================================================
Received Import Request.
  Time since last request: 7.562400 seconds.
  path: Assets/LightSwitchTrigger.cs
  artifactKey: Guid(8f67536725c9c432d85d20b07e38d73e) Importer(815301076,1909f56bfc062723c751e8b465ee728b)
Start importing Assets/LightSwitchTrigger.cs using Guid(8f67536725c9c432d85d20b07e38d73e) Importer(815301076,1909f56bfc062723c751e8b465ee728b) (PreviewImporter) -> (artifact id: 'de49246da40c6e5f3140e6d6cdefdaad') in 0.001421958 seconds
Number of updated asset objects reloaded before import = 0Number of asset objects unloaded after import = 0

========================================================================
Received Prepare
Begin MonoManager ReloadAssembly
Thread 0x16f877000 may have been prematurely finalized
- Loaded All Assemblies, in  0.501 seconds
Refreshing native plugins compatible for Editor in 0.48 ms, found 3 plugins.
Native extension for OSXStandalone target not found
Native extension for WebGL target not found
Mono: successfully reloaded assembly
- Finished resetting the current domain, in  0.596 seconds
Domain Reload Profiling: 1100ms
	BeginReloadAssembly (129ms)
		ExecutionOrderSort (0ms)
		DisableScriptedObjects (8ms)
		BackupInstance (0ms)
		ReleaseScriptingObjects (0ms)
		CreateAndSetChildDomain (54ms)
	RebuildCommonClasses (27ms)
	RebuildNativeTypeToScriptingClass (10ms)
	initialDomainReloadingComplete (14ms)
	LoadAllAssembliesAndSetupDomain (322ms)
		LoadAssemblies (201ms)
		RebuildTransferFunctionScriptingTraits (0ms)
		AnalyzeDomain (158ms)
			TypeCache.Refresh (12ms)
				TypeCache.ScanAssembly (0ms)
			BuildScriptInfoCaches (136ms)
			ResolveRequiredComponents (8ms)
	FinalizeReload (596ms)
		ReleaseScriptCaches (0ms)
		RebuildScriptCaches (0ms)
		SetupLoadedEditorAssemblies (458ms)
			LogAssemblyErrors (0ms)
			InitializePlatformSupportModulesInManaged (2ms)
			SetLoadedEditorAssemblies (3ms)
			BeforeProcessingInitializeOnLoad (98ms)
			ProcessInitializeOnLoadAttributes (304ms)
			ProcessInitializeOnLoadMethodAttributes (50ms)
			AfterProcessingInitializeOnLoad (1ms)
			EditorAssembliesLoaded (0ms)
		ExecutionOrderSort2 (0ms)
		AwakeInstancesAfterBackupRestoration (7ms)
Refreshing native plugins compatible for Editor in 0.45 ms, found 3 plugins.
Preloading 0 native plugins for Editor in 0.00 ms.
Unloading 14 Unused Serialized files (Serialized files now loaded: 0)
Unloading 6564 unused Assets / (3.9 MB). Loaded Objects now: 7314.
Memory consumption went from 148.4 MB to 144.4 MB.
Total: 6.075833 ms (FindLiveObjects: 0.347416 ms CreateObjectMapping: 0.190917 ms MarkObjects: 4.169250 ms  DeleteObjects: 1.367500 ms)

Prepare: number of updated asset objects reloaded= 0
========================================================================
Received Prepare
Begin MonoManager ReloadAssembly
Thread 0x16f877000 may have been prematurely finalized
- Loaded All Assemblies, in  0.527 seconds
Refreshing native plugins compatible for Editor in 0.50 ms, found 3 plugins.
Native extension for OSXStandalone target not found
Native extension for WebGL target not found
Mono: successfully reloaded assembly
- Finished resetting the current domain, in  0.573 seconds
Domain Reload Profiling: 1102ms
	BeginReloadAssembly (153ms)
		ExecutionOrderSort (0ms)
		DisableScriptedObjects (19ms)
		BackupInstance (0ms)
		ReleaseScriptingObjects (0ms)
		CreateAndSetChildDomain (63ms)
	RebuildCommonClasses (28ms)
	RebuildNativeTypeToScriptingClass (10ms)
	initialDomainReloadingComplete (15ms)
	LoadAllAssembliesAndSetupDomain (324ms)
		LoadAssemblies (205ms)
		RebuildTransferFunctionScriptingTraits (0ms)
		AnalyzeDomain (156ms)
			TypeCache.Refresh (8ms)
				TypeCache.ScanAssembly (0ms)
			BuildScriptInfoCaches (137ms)
			ResolveRequiredComponents (8ms)
	FinalizeReload (573ms)
		ReleaseScriptCaches (0ms)
		RebuildScriptCaches (0ms)
		SetupLoadedEditorAssemblies (435ms)
			LogAssemblyErrors (0ms)
			InitializePlatformSupportModulesInManaged (2ms)
			SetLoadedEditorAssemblies (3ms)
			BeforeProcessingInitializeOnLoad (95ms)
			ProcessInitializeOnLoadAttributes (286ms)
			ProcessInitializeOnLoadMethodAttributes (48ms)
			AfterProcessingInitializeOnLoad (1ms)
			EditorAssembliesLoaded (0ms)
		ExecutionOrderSort2 (0ms)
		AwakeInstancesAfterBackupRestoration (8ms)
Refreshing native plugins compatible for Editor in 0.65 ms, found 3 plugins.
Preloading 0 native plugins for Editor in 0.00 ms.
Unloading 14 Unused Serialized files (Serialized files now loaded: 0)
Unloading 6564 unused Assets / (3.1 MB). Loaded Objects now: 7316.
Memory consumption went from 148.3 MB to 145.3 MB.
Total: 7.564458 ms (FindLiveObjects: 0.434667 ms CreateObjectMapping: 0.521292 ms MarkObjects: 4.718541 ms  DeleteObjects: 1.889416 ms)

Prepare: number of updated asset objects reloaded= 0
========================================================================
Received Import Request.
  Time since last request: 339.767301 seconds.
  path: Assets/LightSwitchTrigger.cs
  artifactKey: Guid(8f67536725c9c432d85d20b07e38d73e) Importer(815301076,1909f56bfc062723c751e8b465ee728b)
Start importing Assets/LightSwitchTrigger.cs using Guid(8f67536725c9c432d85d20b07e38d73e) Importer(815301076,1909f56bfc062723c751e8b465ee728b) (PreviewImporter) -> (artifact id: 'f0e49e73bdab159f7cea51adfa2dc9d8') in 0.006797 seconds
Number of updated asset objects reloaded before import = 0Number of asset objects unloaded after import = 0

========================================================================
Received Prepare
Begin MonoManager ReloadAssembly
Thread 0x16f877000 may have been prematurely finalized
- Loaded All Assemblies, in  0.590 seconds
Refreshing native plugins compatible for Editor in 0.36 ms, found 3 plugins.
Native extension for OSXStandalone target not found
Native extension for WebGL target not found
Mono: successfully reloaded assembly
- Finished resetting the current domain, in  0.579 seconds
Domain Reload Profiling: 1171ms
	BeginReloadAssembly (165ms)
		ExecutionOrderSort (0ms)
		DisableScriptedObjects (12ms)
		BackupInstance (0ms)
		ReleaseScriptingObjects (0ms)
		CreateAndSetChildDomain (70ms)
	RebuildCommonClasses (28ms)
	RebuildNativeTypeToScriptingClass (10ms)
	initialDomainReloadingComplete (22ms)
	LoadAllAssembliesAndSetupDomain (368ms)
		LoadAssemblies (236ms)
		RebuildTransferFunctionScriptingTraits (0ms)
		AnalyzeDomain (171ms)
			TypeCache.Refresh (12ms)
				TypeCache.ScanAssembly (0ms)
			BuildScriptInfoCaches (148ms)
			ResolveRequiredComponents (8ms)
	FinalizeReload (579ms)
		ReleaseScriptCaches (0ms)
		RebuildScriptCaches (0ms)
		SetupLoadedEditorAssemblies (438ms)
			LogAssemblyErrors (0ms)
			InitializePlatformSupportModulesInManaged (2ms)
			SetLoadedEditorAssemblies (3ms)
			BeforeProcessingInitializeOnLoad (106ms)
			ProcessInitializeOnLoadAttributes (282ms)
			ProcessInitializeOnLoadMethodAttributes (44ms)
			AfterProcessingInitializeOnLoad (1ms)
			EditorAssembliesLoaded (0ms)
		ExecutionOrderSort2 (0ms)
		AwakeInstancesAfterBackupRestoration (6ms)
Refreshing native plugins compatible for Editor in 0.58 ms, found 3 plugins.
Preloading 0 native plugins for Editor in 0.00 ms.
Unloading 14 Unused Serialized files (Serialized files now loaded: 0)
Unloading 6564 unused Assets / (4.2 MB). Loaded Objects now: 7318.
Memory consumption went from 148.3 MB to 144.1 MB.
Total: 7.116667 ms (FindLiveObjects: 0.422291 ms CreateObjectMapping: 0.276792 ms MarkObjects: 4.645917 ms  DeleteObjects: 1.771417 ms)

Prepare: number of updated asset objects reloaded= 0
========================================================================
Received Prepare
Begin MonoManager ReloadAssembly
Thread 0x16f877000 may have been prematurely finalized
- Loaded All Assemblies, in  0.520 seconds
Refreshing native plugins compatible for Editor in 0.55 ms, found 3 plugins.
Native extension for OSXStandalone target not found
Native extension for WebGL target not found
Mono: successfully reloaded assembly
- Finished resetting the current domain, in  0.596 seconds
Domain Reload Profiling: 1119ms
	BeginReloadAssembly (126ms)
		ExecutionOrderSort (0ms)
		DisableScriptedObjects (8ms)
		BackupInstance (0ms)
		ReleaseScriptingObjects (0ms)
		CreateAndSetChildDomain (51ms)
	RebuildCommonClasses (28ms)
	RebuildNativeTypeToScriptingClass (10ms)
	initialDomainReloadingComplete (14ms)
	LoadAllAssembliesAndSetupDomain (344ms)
		LoadAssemblies (226ms)
		RebuildTransferFunctionScriptingTraits (0ms)
		AnalyzeDomain (154ms)
			TypeCache.Refresh (8ms)
				TypeCache.ScanAssembly (0ms)
			BuildScriptInfoCaches (136ms)
			ResolveRequiredComponents (8ms)
	FinalizeReload (596ms)
		ReleaseScriptCaches (0ms)
		RebuildScriptCaches (0ms)
		SetupLoadedEditorAssemblies (459ms)
			LogAssemblyErrors (0ms)
			InitializePlatformSupportModulesInManaged (2ms)
			SetLoadedEditorAssemblies (3ms)
			BeforeProcessingInitializeOnLoad (92ms)
			ProcessInitializeOnLoadAttributes (311ms)
			ProcessInitializeOnLoadMethodAttributes (50ms)
			AfterProcessingInitializeOnLoad (1ms)
			EditorAssembliesLoaded (0ms)
		ExecutionOrderSort2 (0ms)
		AwakeInstancesAfterBackupRestoration (7ms)
Refreshing native plugins compatible for Editor in 0.52 ms, found 3 plugins.
Preloading 0 native plugins for Editor in 0.00 ms.
Unloading 14 Unused Serialized files (Serialized files now loaded: 0)
Unloading 6564 unused Assets / (3.8 MB). Loaded Objects now: 7320.
Memory consumption went from 148.2 MB to 144.4 MB.
Total: 7.332291 ms (FindLiveObjects: 0.415750 ms CreateObjectMapping: 0.269625 ms MarkObjects: 4.729292 ms  DeleteObjects: 1.916709 ms)

Prepare: number of updated asset objects reloaded= 0
========================================================================
Received Import Request.
  Time since last request: 137.880716 seconds.
  path: Assets/Animations/Characters/Players
  artifactKey: Guid(7c1865f0fd8f540f796648af5aa14373) Importer(2089858483,192608db42251d675da83286b1cce702)
Start importing Assets/Animations/Characters/Players using Guid(7c1865f0fd8f540f796648af5aa14373) Importer(2089858483,192608db42251d675da83286b1cce702) (ScriptedImporter) -> (artifact id: 'cf5d11e01106ae7571bf0cc5728d36d2') in 0.154132833 seconds
Number of updated asset objects reloaded before import = 0Number of asset objects unloaded after import = 1

========================================================================
Received Import Request.
  Time since last request: 0.000053 seconds.
  path: Assets/Animations/Characters/Players/002/Test_1_Idle_Front.anim
  artifactKey: Guid(e8c843ab06d8742e5a7e03a960875728) Importer(2089858483,192608db42251d675da83286b1cce702)
Start importing Assets/Animations/Characters/Players/002/Test_1_Idle_Front.anim using Guid(e8c843ab06d8742e5a7e03a960875728) Importer(2089858483,192608db42251d675da83286b1cce702) (ScriptedImporter) -> (artifact id: '6055d15e074a40244ec39cd3ed0798bf') in 0.024816667 seconds
Number of updated asset objects reloaded before import = 0Number of asset objects unloaded after import = 1

========================================================================
Received Import Request.
  Time since last request: 0.000058 seconds.
  path: Assets/Animations/Characters/Players/005/Test_3.overrideController
  artifactKey: Guid(42d70b3ca0cf0446fb926717548774a2) Importer(2089858483,192608db42251d675da83286b1cce702)
Start importing Assets/Animations/Characters/Players/005/Test_3.overrideController using Guid(42d70b3ca0cf0446fb926717548774a2) Importer(2089858483,192608db42251d675da83286b1cce702) (ScriptedImporter) -> (artifact id: 'b915730f7f7bc30eacdd4e501035b530') in 0.008442083 seconds
Number of updated asset objects reloaded before import = 0Number of asset objects unloaded after import = 9

========================================================================
Received Import Request.
  Time since last request: 0.000052 seconds.
  path: Assets/Animations/Characters/Players/002/Test_1_Idle_Right.anim
  artifactKey: Guid(3737ec8fda5914904ac4d35e5d00dfaf) Importer(2089858483,192608db42251d675da83286b1cce702)
Start importing Assets/Animations/Characters/Players/002/Test_1_Idle_Right.anim using Guid(3737ec8fda5914904ac4d35e5d00dfaf) Importer(2089858483,192608db42251d675da83286b1cce702) (ScriptedImporter) -> (artifact id: '82a362c2b1ac4b923715be75532638fe') in 0.003762875 seconds
Number of updated asset objects reloaded before import = 0Number of asset objects unloaded after import = 1

========================================================================
Received Import Request.
  Time since last request: 0.000035 seconds.
  path: Assets/Animations/Characters/Players/000/Test_Move_Left.anim
  artifactKey: Guid(a194168a099d14ba7bddb8dba2b5189c) Importer(2089858483,192608db42251d675da83286b1cce702)
Start importing Assets/Animations/Characters/Players/000/Test_Move_Left.anim using Guid(a194168a099d14ba7bddb8dba2b5189c) Importer(2089858483,192608db42251d675da83286b1cce702) (ScriptedImporter) -> (artifact id: '8d17ef943692dbc5ce297b7728cb1b74') in 0.003806166 seconds
Number of updated asset objects reloaded before import = 0Number of asset objects unloaded after import = 1

========================================================================
Received Import Request.
  Time since last request: 0.000034 seconds.
  path: Assets/Animations/Characters/Players/006/Test_10_Idle_Left.anim
  artifactKey: Guid(5d2640be4806344df8f2531c0ff7d3af) Importer(2089858483,192608db42251d675da83286b1cce702)
Start importing Assets/Animations/Characters/Players/006/Test_10_Idle_Left.anim using Guid(5d2640be4806344df8f2531c0ff7d3af) Importer(2089858483,192608db42251d675da83286b1cce702) (ScriptedImporter) -> (artifact id: 'f85646edad7c98de5573a39d97fda6d0') in 0.003885333 seconds
Number of updated asset objects reloaded before import = 0Number of asset objects unloaded after import = 1

========================================================================
Received Import Request.
  Time since last request: 0.000033 seconds.
  path: Assets/Animations/Characters/Players/006/Test_10_Move_Right.anim
  artifactKey: Guid(5392242da82c14b6fae82324128b98cb) Importer(2089858483,192608db42251d675da83286b1cce702)
Start importing Assets/Animations/Characters/Players/006/Test_10_Move_Right.anim using Guid(5392242da82c14b6fae82324128b98cb) Importer(2089858483,192608db42251d675da83286b1cce702) (ScriptedImporter) -> (artifact id: '1e9c55e13161cd62125d9d8c9e512747') in 0.003491625 seconds
Number of updated asset objects reloaded before import = 0Number of asset objects unloaded after import = 1

========================================================================
Received Import Request.
  Time since last request: 0.000034 seconds.
  path: Assets/Animations/Characters/Players/000/Test_Move_Right.anim
  artifactKey: Guid(516af38cbfb0745e8beb783cd0cd4c04) Importer(2089858483,192608db42251d675da83286b1cce702)
Start importing Assets/Animations/Characters/Players/000/Test_Move_Right.anim using Guid(516af38cbfb0745e8beb783cd0cd4c04) Importer(2089858483,192608db42251d675da83286b1cce702) (ScriptedImporter) -> (artifact id: '1a541cd7de915449a4d4bcb57048134c') in 0.003657125 seconds
Number of updated asset objects reloaded before import = 0Number of asset objects unloaded after import = 1

========================================================================
Received Import Request.
  Time since last request: 0.000050 seconds.
  path: Assets/Animations/Characters/Players/004
  artifactKey: Guid(01c8ffea8c2a74fcaaf60c1194224aa4) Importer(2089858483,192608db42251d675da83286b1cce702)
Start importing Assets/Animations/Characters/Players/004 using Guid(01c8ffea8c2a74fcaaf60c1194224aa4) Importer(2089858483,192608db42251d675da83286b1cce702) (ScriptedImporter) -> (artifact id: 'c49381743565298c24e9a9f66b0a7fbd') in 0.002711292 seconds
Number of updated asset objects reloaded before import = 0Number of asset objects unloaded after import = 1

========================================================================
Received Import Request.
  Time since last request: 0.000037 seconds.
  path: Assets/Animations/Characters/Players/003/Test_1_Move_Right.anim
  artifactKey: Guid(123f900995f4e456f80b3be096c36fc6) Importer(2089858483,192608db42251d675da83286b1cce702)
Start importing Assets/Animations/Characters/Players/003/Test_1_Move_Right.anim using Guid(123f900995f4e456f80b3be096c36fc6) Importer(2089858483,192608db42251d675da83286b1cce702) (ScriptedImporter) -> (artifact id: '174f84091e3dac3368f532fabc097781') in 0.003138083 seconds
Number of updated asset objects reloaded before import = 0Number of asset objects unloaded after import = 1

========================================================================
Received Import Request.
  Time since last request: 0.000050 seconds.
  path: Assets/Animations/Characters/Players/001/Test_1_Move_Left.anim
  artifactKey: Guid(9cb5b80d89034415687aa4ae8ab35b9e) Importer(2089858483,192608db42251d675da83286b1cce702)
Start importing Assets/Animations/Characters/Players/001/Test_1_Move_Left.anim using Guid(9cb5b80d89034415687aa4ae8ab35b9e) Importer(2089858483,192608db42251d675da83286b1cce702) (ScriptedImporter) -> (artifact id: '317babee8f531359f506cee069e76c93') in 0.003380792 seconds
Number of updated asset objects reloaded before import = 0Number of asset objects unloaded after import = 1

========================================================================
Received Import Request.
  Time since last request: 0.000053 seconds.
  path: Assets/TilePalette/Soil 4.asset
  artifactKey: Guid(99cc320f4d73c488e91b6f3f5fab5c56) Importer(2089858483,192608db42251d675da83286b1cce702)
Start importing Assets/TilePalette/Soil 4.asset using Guid(99cc320f4d73c488e91b6f3f5fab5c56) Importer(2089858483,192608db42251d675da83286b1cce702) (ScriptedImporter) -> (artifact id: '94e1736e1346eff51dacfdb10995e3a2') in 0.0195645 seconds
Number of updated asset objects reloaded before import = 0Number of asset objects unloaded after import = 2

========================================================================
Received Import Request.
  Time since last request: 0.000037 seconds.
  path: Assets/Animations/Characters/Players/001
  artifactKey: Guid(ceea0cc593b3b4c06bbf6dbd5d718ac6) Importer(2089858483,192608db42251d675da83286b1cce702)
Start importing Assets/Animations/Characters/Players/001 using Guid(ceea0cc593b3b4c06bbf6dbd5d718ac6) Importer(2089858483,192608db42251d675da83286b1cce702) (ScriptedImporter) -> (artifact id: '467d67d163897f04e70266630fd2a752') in 0.002671125 seconds
Number of updated asset objects reloaded before import = 0Number of asset objects unloaded after import = 1

========================================================================
Received Import Request.
  Time since last request: 0.000045 seconds.
  path: Assets/Animations/Characters/Players/003/Test_1_Idle_Front.anim
  artifactKey: Guid(c682180b7d9184bc48b588b31ac20cd7) Importer(2089858483,192608db42251d675da83286b1cce702)
Start importing Assets/Animations/Characters/Players/003/Test_1_Idle_Front.anim using Guid(c682180b7d9184bc48b588b31ac20cd7) Importer(2089858483,192608db42251d675da83286b1cce702) (ScriptedImporter) -> (artifact id: 'e5b382005cfb341382628d68c88f9298') in 0.003677334 seconds
Number of updated asset objects reloaded before import = 0Number of asset objects unloaded after import = 1

========================================================================
Received Import Request.
  Time since last request: 0.000091 seconds.
  path: Assets/Animations/Characters/Players/001/Test_1_Idle_Front.anim
  artifactKey: Guid(fdfbdf94d08cc43f5a747d5d3a109a6d) Importer(2089858483,192608db42251d675da83286b1cce702)
Start importing Assets/Animations/Characters/Players/001/Test_1_Idle_Front.anim using Guid(fdfbdf94d08cc43f5a747d5d3a109a6d) Importer(2089858483,192608db42251d675da83286b1cce702) (ScriptedImporter) -> (artifact id: '37d7742f274530ed0b77fcc7d6942126') in 0.003248167 seconds
Number of updated asset objects reloaded before import = 0Number of asset objects unloaded after import = 1

========================================================================
Received Import Request.
  Time since last request: 0.000039 seconds.
  path: Assets/Prefabs/Characters/Players
  artifactKey: Guid(f78b99f39ab58491aa1e97c45ff099df) Importer(2089858483,192608db42251d675da83286b1cce702)
Start importing Assets/Prefabs/Characters/Players using Guid(f78b99f39ab58491aa1e97c45ff099df) Importer(2089858483,192608db42251d675da83286b1cce702) (ScriptedImporter) -> (artifact id: '9caac73f808a6c73441aa942797dcdca') in 0.002437667 seconds
Number of updated asset objects reloaded before import = 0Number of asset objects unloaded after import = 1

========================================================================
Received Import Request.
  Time since last request: 0.000042 seconds.
  path: Assets/TilePalette/Soil 5.asset
  artifactKey: Guid(02a477ebb64f444cab566fa603775d89) Importer(2089858483,192608db42251d675da83286b1cce702)
Start importing Assets/TilePalette/Soil 5.asset using Guid(02a477ebb64f444cab566fa603775d89) Importer(2089858483,192608db42251d675da83286b1cce702) (ScriptedImporter) -> (artifact id: '29f04defada6147d6c556e6c0cd98ab4') in 0.003655208 seconds
Number of updated asset objects reloaded before import = 0Number of asset objects unloaded after import = 2

========================================================================
Received Import Request.
  Time since last request: 0.000034 seconds.
  path: Assets/TextMesh Pro/Shaders/TMP_SDF SSD.shader
  artifactKey: Guid(14eb328de4b8eb245bb7cea29e4ac00b) Importer(2089858483,192608db42251d675da83286b1cce702)
Start importing Assets/TextMesh Pro/Shaders/TMP_SDF SSD.shader using Guid(14eb328de4b8eb245bb7cea29e4ac00b) Importer(2089858483,192608db42251d675da83286b1cce702) (ScriptedImporter) -> (artifact id: 'a0b95ab16d491fc392734fb37abd9cb3') in 0.008115667 seconds
Number of updated asset objects reloaded before import = 0Number of asset objects unloaded after import = 1

========================================================================
Received Import Request.
  Time since last request: 0.000045 seconds.
  path: Assets/TilePalette/Gress 2.asset
  artifactKey: Guid(7825e5a1f4825438292d39d4c7997344) Importer(2089858483,192608db42251d675da83286b1cce702)
Start importing Assets/TilePalette/Gress 2.asset using Guid(7825e5a1f4825438292d39d4c7997344) Importer(2089858483,192608db42251d675da83286b1cce702) (ScriptedImporter) -> (artifact id: 'f4db30b1e652d797c1e63501dd6ff736') in 0.003402875 seconds
Number of updated asset objects reloaded before import = 0Number of asset objects unloaded after import = 2

========================================================================
Received Import Request.
  Time since last request: 0.000053 seconds.
  path: Assets/TilePalette/Gress 0.asset
  artifactKey: Guid(7e7f61178ae5b4e2d9b72f835b57ea64) Importer(2089858483,192608db42251d675da83286b1cce702)
Start importing Assets/TilePalette/Gress 0.asset using Guid(7e7f61178ae5b4e2d9b72f835b57ea64) Importer(2089858483,192608db42251d675da83286b1cce702) (ScriptedImporter) -> (artifact id: '11a9975ba522ed4e12b0aae1e9286a8e') in 0.003203583 seconds
Number of updated asset objects reloaded before import = 0Number of asset objects unloaded after import = 2

========================================================================
Received Import Request.
  Time since last request: 0.000033 seconds.
  path: Assets/TextMesh Pro/Shaders
  artifactKey: Guid(e9f693669af91aa45ad615fc681ed29f) Importer(2089858483,192608db42251d675da83286b1cce702)
Start importing Assets/TextMesh Pro/Shaders using Guid(e9f693669af91aa45ad615fc681ed29f) Importer(2089858483,192608db42251d675da83286b1cce702) (ScriptedImporter) -> (artifact id: 'e38a5c410969b052df2110bc55d9371b') in 0.001702375 seconds
Number of updated asset objects reloaded before import = 0Number of asset objects unloaded after import = 1

========================================================================
Received Import Request.
  Time since last request: 0.000036 seconds.
  path: Assets/Animations/Characters/Players/002
  artifactKey: Guid(084e30e0534f94026a040e35b4b4510a) Importer(2089858483,192608db42251d675da83286b1cce702)
Start importing Assets/Animations/Characters/Players/002 using Guid(084e30e0534f94026a040e35b4b4510a) Importer(2089858483,192608db42251d675da83286b1cce702) (ScriptedImporter) -> (artifact id: 'b4a0d90116a947f9ef332c2f923af179') in 0.001918917 seconds
Number of updated asset objects reloaded before import = 0Number of asset objects unloaded after import = 1

========================================================================
Received Import Request.
  Time since last request: 0.000107 seconds.
  path: Assets/Animations/Characters/Players/003/Test_1_Move_Back.anim
  artifactKey: Guid(576fc7998b9994016ac27792b687a4e2) Importer(2089858483,192608db42251d675da83286b1cce702)
Start importing Assets/Animations/Characters/Players/003/Test_1_Move_Back.anim using Guid(576fc7998b9994016ac27792b687a4e2) Importer(2089858483,192608db42251d675da83286b1cce702) (ScriptedImporter) -> (artifact id: '255dd67024fea36b00b2d49d7a8f3381') in 0.003262875 seconds
Number of updated asset objects reloaded before import = 0Number of asset objects unloaded after import = 1

========================================================================
Received Import Request.
  Time since last request: 0.000052 seconds.
  path: Assets/Animations/Characters/Players/003
  artifactKey: Guid(94434b0a1f58d4bffa455e21334b1d2b) Importer(2089858483,192608db42251d675da83286b1cce702)
Start importing Assets/Animations/Characters/Players/003 using Guid(94434b0a1f58d4bffa455e21334b1d2b) Importer(2089858483,192608db42251d675da83286b1cce702) (ScriptedImporter) -> (artifact id: 'efdb7e136a70a478b20715a2e8dee11d') in 0.001681584 seconds
Number of updated asset objects reloaded before import = 0Number of asset objects unloaded after import = 1

========================================================================
Received Import Request.
  Time since last request: 0.000036 seconds.
  path: Assets/Animations/Characters/Players/001/Test_1_Idle_Back.anim
  artifactKey: Guid(b5af6dd9ef8d8486182aa9160e04cdd7) Importer(2089858483,192608db42251d675da83286b1cce702)
Start importing Assets/Animations/Characters/Players/001/Test_1_Idle_Back.anim using Guid(b5af6dd9ef8d8486182aa9160e04cdd7) Importer(2089858483,192608db42251d675da83286b1cce702) (ScriptedImporter) -> (artifact id: '764a5c97f569218410a113933795d214') in 0.00366125 seconds
Number of updated asset objects reloaded before import = 0Number of asset objects unloaded after import = 1

========================================================================
Received Import Request.
  Time since last request: 0.000034 seconds.
  path: Assets/TextMesh Pro/Fonts/LiberationSans - OFL.txt
  artifactKey: Guid(6e59c59b81ab47f9b6ec5781fa725d2c) Importer(2089858483,192608db42251d675da83286b1cce702)
Start importing Assets/TextMesh Pro/Fonts/LiberationSans - OFL.txt using Guid(6e59c59b81ab47f9b6ec5781fa725d2c) Importer(2089858483,192608db42251d675da83286b1cce702) (ScriptedImporter) -> (artifact id: '90555b13b5a955a314151b71af77ea6d') in 0.002642958 seconds
Number of updated asset objects reloaded before import = 0Number of asset objects unloaded after import = 1

========================================================================
Received Import Request.
  Time since last request: 0.000075 seconds.
  path: Assets/Animations/Characters/Players/002/Test_1_Idle_Left.anim
  artifactKey: Guid(850fc34cfe8e54e4cb9747d18f9cdb5c) Importer(2089858483,192608db42251d675da83286b1cce702)
Start importing Assets/Animations/Characters/Players/002/Test_1_Idle_Left.anim using Guid(850fc34cfe8e54e4cb9747d18f9cdb5c) Importer(2089858483,192608db42251d675da83286b1cce702) (ScriptedImporter) -> (artifact id: 'daf9eba07ce1fc0ef8264581473a7356') in 0.003420375 seconds
Number of updated asset objects reloaded before import = 0Number of asset objects unloaded after import = 1

========================================================================
Received Import Request.
  Time since last request: 0.000070 seconds.
  path: Assets/TilePalette/Water 4.asset
  artifactKey: Guid(1815fd2ca834b4dbca618e9462c6a3c1) Importer(2089858483,192608db42251d675da83286b1cce702)
Start importing Assets/TilePalette/Water 4.asset using Guid(1815fd2ca834b4dbca618e9462c6a3c1) Importer(2089858483,192608db42251d675da83286b1cce702) (ScriptedImporter) -> (artifact id: '11fad7e964910b8cf8c2971db6c3b8f0') in 0.005518041 seconds
Number of updated asset objects reloaded before import = 0Number of asset objects unloaded after import = 2

========================================================================
Received Import Request.
  Time since last request: 0.000038 seconds.
  path: Assets/Graphics/Sprites
  artifactKey: Guid(5740cad484e164acf96a706f5076eed0) Importer(2089858483,192608db42251d675da83286b1cce702)
Start importing Assets/Graphics/Sprites using Guid(5740cad484e164acf96a706f5076eed0) Importer(2089858483,192608db42251d675da83286b1cce702) (ScriptedImporter) -> (artifact id: 'd047bd6624b3f119d2c750b11f29b595') in 0.001724417 seconds
Number of updated asset objects reloaded before import = 0Number of asset objects unloaded after import = 1

========================================================================
Received Import Request.
  Time since last request: 0.000052 seconds.
  path: Assets/TilePalette/Wall 4.asset
  artifactKey: Guid(3f14b92c5883e4f04852fdcfd5376c34) Importer(2089858483,192608db42251d675da83286b1cce702)
Start importing Assets/TilePalette/Wall 4.asset using Guid(3f14b92c5883e4f04852fdcfd5376c34) Importer(2089858483,192608db42251d675da83286b1cce702) (ScriptedImporter) -> (artifact id: '98d537f7f55f927eccd08acb21cc2fc8') in 0.002982541 seconds
Number of updated asset objects reloaded before import = 0Number of asset objects unloaded after import = 2

========================================================================
Received Import Request.
  Time since last request: 0.000030 seconds.
  path: Assets/Animations/Characters/Players/002/Test_1_Move_Right.anim
  artifactKey: Guid(cc66c0ee741654ab2bb700691257d311) Importer(2089858483,192608db42251d675da83286b1cce702)
Start importing Assets/Animations/Characters/Players/002/Test_1_Move_Right.anim using Guid(cc66c0ee741654ab2bb700691257d311) Importer(2089858483,192608db42251d675da83286b1cce702) (ScriptedImporter) -> (artifact id: 'c9ecfac4ff923f49a5c989fdb9204ec7') in 0.003006583 seconds
Number of updated asset objects reloaded before import = 0Number of asset objects unloaded after import = 1

========================================================================
Received Import Request.
  Time since last request: 0.000037 seconds.
  path: Assets/TilePalette/Wall 2.asset
  artifactKey: Guid(d66f100aafd1e449785218658a34f3dc) Importer(2089858483,192608db42251d675da83286b1cce702)
Start importing Assets/TilePalette/Wall 2.asset using Guid(d66f100aafd1e449785218658a34f3dc) Importer(2089858483,192608db42251d675da83286b1cce702) (ScriptedImporter) -> (artifact id: 'b85fa8c3cdcc5e03e1f0248428872cad') in 0.003307917 seconds
Number of updated asset objects reloaded before import = 0Number of asset objects unloaded after import = 2

========================================================================
Received Import Request.
  Time since last request: 0.000065 seconds.
  path: Assets/Prefabs/Characters
  artifactKey: Guid(e22cbc8691b0d48ccaaba236e21aa162) Importer(2089858483,192608db42251d675da83286b1cce702)
Start importing Assets/Prefabs/Characters using Guid(e22cbc8691b0d48ccaaba236e21aa162) Importer(2089858483,192608db42251d675da83286b1cce702) (ScriptedImporter) -> (artifact id: 'd08ada442bd9d48406503d947c862f49') in 0.001672625 seconds
Number of updated asset objects reloaded before import = 0Number of asset objects unloaded after import = 1

========================================================================
Received Import Request.
  Time since last request: 0.000081 seconds.
  path: Assets/TilePalette/Soil 1.asset
  artifactKey: Guid(c93c31658dbe54e3a947a9189db63421) Importer(2089858483,192608db42251d675da83286b1cce702)
Start importing Assets/TilePalette/Soil 1.asset using Guid(c93c31658dbe54e3a947a9189db63421) Importer(2089858483,192608db42251d675da83286b1cce702) (ScriptedImporter) -> (artifact id: '5ea72ba9fbc8f57f693e9dc32a5dd0b7') in 0.002933833 seconds
Number of updated asset objects reloaded before import = 0Number of asset objects unloaded after import = 2

========================================================================
Received Import Request.
  Time since last request: 0.000050 seconds.
  path: Assets/Animations/Characters/Players/004/Test_1_Move_Front.anim
  artifactKey: Guid(24c49b04261cb4689af61c734f8f151b) Importer(2089858483,192608db42251d675da83286b1cce702)
Start importing Assets/Animations/Characters/Players/004/Test_1_Move_Front.anim using Guid(24c49b04261cb4689af61c734f8f151b) Importer(2089858483,192608db42251d675da83286b1cce702) (ScriptedImporter) -> (artifact id: 'bf3cb88f1957b2df1face0a3f7254136') in 0.003351667 seconds
Number of updated asset objects reloaded before import = 0Number of asset objects unloaded after import = 1

========================================================================
Received Import Request.
  Time since last request: 0.000052 seconds.
  path: Assets/TilePalette/Water 7.asset
  artifactKey: Guid(b0977c729296148498328bc6a1f2bc42) Importer(2089858483,192608db42251d675da83286b1cce702)
Start importing Assets/TilePalette/Water 7.asset using Guid(b0977c729296148498328bc6a1f2bc42) Importer(2089858483,192608db42251d675da83286b1cce702) (ScriptedImporter) -> (artifact id: '74b0cac9ab884981aee05fbebcd8bc44') in 0.003647416 seconds
Number of updated asset objects reloaded before import = 0Number of asset objects unloaded after import = 2

========================================================================
Received Import Request.
  Time since last request: 0.000101 seconds.
  path: Assets/Settings/UniversalRP.asset
  artifactKey: Guid(681886c5eb7344803b6206f758bf0b1c) Importer(815301076,1909f56bfc062723c751e8b465ee728b)
Start importing Assets/Settings/UniversalRP.asset using Guid(681886c5eb7344803b6206f758bf0b1c) Importer(815301076,1909f56bfc062723c751e8b465ee728b) (PreviewImporter) -> (artifact id: '910a3316ce45b604f98c2ad003aa3cfb') in 0.010997834 seconds
Number of updated asset objects reloaded before import = 0Number of asset objects unloaded after import = 0

========================================================================
Received Import Request.
  Time since last request: 0.000048 seconds.
  path: Assets/Animations/Characters/Players/000/Test_Idle_Right.anim
  artifactKey: Guid(556eb0aa79edd4909ae2a9f9f2cfef33) Importer(2089858483,192608db42251d675da83286b1cce702)
Start importing Assets/Animations/Characters/Players/000/Test_Idle_Right.anim using Guid(556eb0aa79edd4909ae2a9f9f2cfef33) Importer(2089858483,192608db42251d675da83286b1cce702) (ScriptedImporter) -> (artifact id: 'faf3daea56024ebf0d28289729356656') in 0.004104584 seconds
Number of updated asset objects reloaded before import = 0Number of asset objects unloaded after import = 1

========================================================================
Received Import Request.
  Time since last request: 0.000050 seconds.
  path: Assets/Animations/Characters/Players/001/Test_1_Idle_Right.anim
  artifactKey: Guid(c9865c586d53049f984f9a7b8285af2c) Importer(2089858483,192608db42251d675da83286b1cce702)
Start importing Assets/Animations/Characters/Players/001/Test_1_Idle_Right.anim using Guid(c9865c586d53049f984f9a7b8285af2c) Importer(2089858483,192608db42251d675da83286b1cce702) (ScriptedImporter) -> (artifact id: 'c9fc77dd519376161985facfc6d23fc5') in 0.00296025 seconds
Number of updated asset objects reloaded before import = 0Number of asset objects unloaded after import = 1

========================================================================
Received Import Request.
  Time since last request: 0.000075 seconds.
  path: Assets/TilePalette/Gress 4.asset
  artifactKey: Guid(ce6d82bab90214e88acfdd62356cd560) Importer(2089858483,192608db42251d675da83286b1cce702)
Start importing Assets/TilePalette/Gress 4.asset using Guid(ce6d82bab90214e88acfdd62356cd560) Importer(2089858483,192608db42251d675da83286b1cce702) (ScriptedImporter) -> (artifact id: '3e239a4bcadd0f316441592fde0e2da5') in 0.003223542 seconds
Number of updated asset objects reloaded before import = 0Number of asset objects unloaded after import = 2

========================================================================
Received Import Request.
  Time since last request: 0.000053 seconds.
  path: Assets/TilePalette/Water 5.asset
  artifactKey: Guid(27ae3262ad56544c387ee3e728f4e085) Importer(2089858483,192608db42251d675da83286b1cce702)
Start importing Assets/TilePalette/Water 5.asset using Guid(27ae3262ad56544c387ee3e728f4e085) Importer(2089858483,192608db42251d675da83286b1cce702) (ScriptedImporter) -> (artifact id: '024e3afd6564ad30c34e524557e65937') in 0.003144084 seconds
Number of updated asset objects reloaded before import = 0Number of asset objects unloaded after import = 2

========================================================================
Received Import Request.
  Time since last request: 0.000040 seconds.
  path: Assets/Animations/Characters/Players/000/Test_Idle_Back.anim
  artifactKey: Guid(24f55367b154841969f172bc565fd901) Importer(2089858483,192608db42251d675da83286b1cce702)
Start importing Assets/Animations/Characters/Players/000/Test_Idle_Back.anim using Guid(24f55367b154841969f172bc565fd901) Importer(2089858483,192608db42251d675da83286b1cce702) (ScriptedImporter) -> (artifact id: '070c35be2db08ebbe909a3b43d1505fc') in 0.003109 seconds
Number of updated asset objects reloaded before import = 0Number of asset objects unloaded after import = 1

========================================================================
Received Import Request.
  Time since last request: 0.000051 seconds.
  path: Assets/Animations/Characters/Players/005/Test_3_Move_Front.anim
  artifactKey: Guid(ebb7f47dba17343f497430476abaeafd) Importer(2089858483,192608db42251d675da83286b1cce702)
Start importing Assets/Animations/Characters/Players/005/Test_3_Move_Front.anim using Guid(ebb7f47dba17343f497430476abaeafd) Importer(2089858483,192608db42251d675da83286b1cce702) (ScriptedImporter) -> (artifact id: 'd623a89039cbc96251429c05137e1dc8') in 0.00511 seconds
Number of updated asset objects reloaded before import = 0Number of asset objects unloaded after import = 1

========================================================================
Received Import Request.
  Time since last request: 0.000055 seconds.
  path: Assets/TextMesh Pro/Resources/Fonts & Materials/LiberationSans SDF - Outline.mat
  artifactKey: Guid(79459efec17a4d00a321bdcc27bbc385) Importer(2089858483,192608db42251d675da83286b1cce702)
Start importing Assets/TextMesh Pro/Resources/Fonts & Materials/LiberationSans SDF - Outline.mat using Guid(79459efec17a4d00a321bdcc27bbc385) Importer(2089858483,192608db42251d675da83286b1cce702) (ScriptedImporter) -> (artifact id: '726fb78794c752aa852cf13d4415c8d5') in 0.021516125 seconds
Number of updated asset objects reloaded before import = 0Number of asset objects unloaded after import = 2

========================================================================
Received Import Request.
  Time since last request: 0.000036 seconds.
  path: Assets/Settings
  artifactKey: Guid(0220aab0833d04faeb927d84ca6cc40c) Importer(2089858483,192608db42251d675da83286b1cce702)
Start importing Assets/Settings using Guid(0220aab0833d04faeb927d84ca6cc40c) Importer(2089858483,192608db42251d675da83286b1cce702) (ScriptedImporter) -> (artifact id: '51037c2a41673e1563f5dedd7a02375b') in 0.002222625 seconds
Number of updated asset objects reloaded before import = 0Number of asset objects unloaded after import = 1

========================================================================
Received Import Request.
  Time since last request: 0.000061 seconds.
  path: Assets/TextMesh Pro/Resources/TMP Settings.asset
  artifactKey: Guid(3f5b5dff67a942289a9defa416b206f3) Importer(2089858483,192608db42251d675da83286b1cce702)
Start importing Assets/TextMesh Pro/Resources/TMP Settings.asset using Guid(3f5b5dff67a942289a9defa416b206f3) Importer(2089858483,192608db42251d675da83286b1cce702) (ScriptedImporter) -> (artifact id: 'b179cc23f65a356ff173ad4911fe33c9') in 0.027044 seconds
Number of updated asset objects reloaded before import = 0Number of asset objects unloaded after import = 15

========================================================================
Received Import Request.
  Time since last request: 0.000069 seconds.
  path: Assets/TopDown 2D RPG BE3/ReadMe/Scripts/Editor
  artifactKey: Guid(c279e2fff61ac6240b2360554dfbc675) Importer(2089858483,192608db42251d675da83286b1cce702)
Start importing Assets/TopDown 2D RPG BE3/ReadMe/Scripts/Editor using Guid(c279e2fff61ac6240b2360554dfbc675) Importer(2089858483,192608db42251d675da83286b1cce702) (ScriptedImporter) -> (artifact id: '3f4d62214e28240712218fbe1c2e28ac') in 0.002192875 seconds
Number of updated asset objects reloaded before import = 0Number of asset objects unloaded after import = 1

========================================================================
Received Import Request.
  Time since last request: 0.000049 seconds.
  path: Assets/TextMesh Pro/Resources/Fonts & Materials/LiberationSans SDF - Fallback.asset
  artifactKey: Guid(2e498d1c8094910479dc3e1b768306a4) Importer(2089858483,192608db42251d675da83286b1cce702)
Start importing Assets/TextMesh Pro/Resources/Fonts & Materials/LiberationSans SDF - Fallback.asset using Guid(2e498d1c8094910479dc3e1b768306a4) Importer(2089858483,192608db42251d675da83286b1cce702) (ScriptedImporter) -> (artifact id: '73408f4551668a8894dae162405f6370') in 0.024465958 seconds
Number of updated asset objects reloaded before import = 0Number of asset objects unloaded after import = 5

========================================================================
Received Import Request.
  Time since last request: 0.000101 seconds.
  path: Assets/TopDown 2D RPG BE3/ReadMe/Scripts
  artifactKey: Guid(4017b55b36dbb0848a0f773d907f6399) Importer(2089858483,192608db42251d675da83286b1cce702)
Start importing Assets/TopDown 2D RPG BE3/ReadMe/Scripts using Guid(4017b55b36dbb0848a0f773d907f6399) Importer(2089858483,192608db42251d675da83286b1cce702) (ScriptedImporter) -> (artifact id: '235944c8f9ce932caafca93fe4a80ad7') in 0.001669125 seconds
Number of updated asset objects reloaded before import = 0Number of asset objects unloaded after import = 1

========================================================================
Received Import Request.
  Time since last request: 0.000038 seconds.
  path: Assets/TextMesh Pro/Shaders/TMP_Bitmap-Mobile.shader
  artifactKey: Guid(1e3b057af24249748ff873be7fafee47) Importer(2089858483,192608db42251d675da83286b1cce702)
Start importing Assets/TextMesh Pro/Shaders/TMP_Bitmap-Mobile.shader using Guid(1e3b057af24249748ff873be7fafee47) Importer(2089858483,192608db42251d675da83286b1cce702) (ScriptedImporter) -> (artifact id: 'aa8a8a990a27aad686a9f71e62991117') in 0.002921292 seconds
Number of updated asset objects reloaded before import = 0Number of asset objects unloaded after import = 1

========================================================================
Received Import Request.
  Time since last request: 0.000034 seconds.
  path: Assets/Font/AppleMyungjo.ttf
  artifactKey: Guid(70a112af312bf4d8eb6874b54db88e0e) Importer(2089858483,192608db42251d675da83286b1cce702)
Start importing Assets/Font/AppleMyungjo.ttf using Guid(70a112af312bf4d8eb6874b54db88e0e) Importer(2089858483,192608db42251d675da83286b1cce702) (ScriptedImporter) -> (artifact id: '854f588f91230e31627a675ae21d2017') in 0.027020583 seconds
Number of updated asset objects reloaded before import = 0Number of asset objects unloaded after import = 3

========================================================================
Received Import Request.
  Time since last request: 0.000033 seconds.
  path: Assets/TextMesh Pro/Shaders/TMP_SDF-URP Lit.shadergraph
  artifactKey: Guid(a3d800b099a06e0478fb790c5e79057a) Importer(2089858483,192608db42251d675da83286b1cce702)
Start importing Assets/TextMesh Pro/Shaders/TMP_SDF-URP Lit.shadergraph using Guid(a3d800b099a06e0478fb790c5e79057a) Importer(2089858483,192608db42251d675da83286b1cce702) (ScriptedImporter) -> (artifact id: 'eb553bd576af521f68ca2a6977742893') in 0.020947042 seconds
Number of updated asset objects reloaded before import = 0Number of asset objects unloaded after import = 4

========================================================================
Received Import Request.
  Time since last request: 0.000056 seconds.
  path: Assets/Animations
  artifactKey: Guid(11468697b7f5d4792aab193eaf3c29f4) Importer(2089858483,192608db42251d675da83286b1cce702)
Start importing Assets/Animations using Guid(11468697b7f5d4792aab193eaf3c29f4) Importer(2089858483,192608db42251d675da83286b1cce702) (ScriptedImporter) -> (artifact id: '0399ec6d0116a204b81ed40b09b297ca') in 0.001820083 seconds
Number of updated asset objects reloaded before import = 0Number of asset objects unloaded after import = 1

========================================================================
Received Import Request.
  Time since last request: 0.000034 seconds.
  path: Assets/TextMesh Pro/Shaders/TMP_SDF-Surface.shader
  artifactKey: Guid(f7ada0af4f174f0694ca6a487b8f543d) Importer(2089858483,192608db42251d675da83286b1cce702)
Start importing Assets/TextMesh Pro/Shaders/TMP_SDF-Surface.shader using Guid(f7ada0af4f174f0694ca6a487b8f543d) Importer(2089858483,192608db42251d675da83286b1cce702) (ScriptedImporter) -> (artifact id: '8431b6aa0a2efe6307f12573ddafae1a') in 0.003641333 seconds
Number of updated asset objects reloaded before import = 0Number of asset objects unloaded after import = 1

========================================================================
Received Import Request.
  Time since last request: 0.000062 seconds.
  path: Assets/TextMesh Pro/Resources/Sprite Assets
  artifactKey: Guid(512a49d95c0c4332bdd98131869c23c9) Importer(2089858483,192608db42251d675da83286b1cce702)
Start importing Assets/TextMesh Pro/Resources/Sprite Assets using Guid(512a49d95c0c4332bdd98131869c23c9) Importer(2089858483,192608db42251d675da83286b1cce702) (ScriptedImporter) -> (artifact id: '2f55efe4817e04ee683f6f1b972b6299') in 0.001611375 seconds
Number of updated asset objects reloaded before import = 0Number of asset objects unloaded after import = 1

========================================================================
Received Import Request.
  Time since last request: 0.000039 seconds.
  path: Assets/TextMesh Pro/Shaders/TMPro_Properties.cginc
  artifactKey: Guid(3997e2241185407d80309a82f9148466) Importer(2089858483,192608db42251d675da83286b1cce702)
Start importing Assets/TextMesh Pro/Shaders/TMPro_Properties.cginc using Guid(3997e2241185407d80309a82f9148466) Importer(2089858483,192608db42251d675da83286b1cce702) (ScriptedImporter) -> (artifact id: '4e5c2526688984ecd5a3a251980045e5') in 0.002201875 seconds
Number of updated asset objects reloaded before import = 0Number of asset objects unloaded after import = 1

========================================================================
Received Import Request.
  Time since last request: 0.000046 seconds.
  path: Assets/LightSwitchTrigger.cs
  artifactKey: Guid(8f67536725c9c432d85d20b07e38d73e) Importer(2089858483,192608db42251d675da83286b1cce702)
Start importing Assets/LightSwitchTrigger.cs using Guid(8f67536725c9c432d85d20b07e38d73e) Importer(2089858483,192608db42251d675da83286b1cce702) (ScriptedImporter) -> (artifact id: '0fc39b6cdc4ee63e5cfad37b0a73bf8f') in 0.004694667 seconds
Number of updated asset objects reloaded before import = 0Number of asset objects unloaded after import = 0

========================================================================
Received Import Request.
  Time since last request: 0.000057 seconds.
  path: Assets/TextMesh Pro/Shaders/TMP_SDF-Surface-Mobile.shader
  artifactKey: Guid(85187c2149c549c5b33f0cdb02836b17) Importer(2089858483,192608db42251d675da83286b1cce702)
Start importing Assets/TextMesh Pro/Shaders/TMP_SDF-Surface-Mobile.shader using Guid(85187c2149c549c5b33f0cdb02836b17) Importer(2089858483,192608db42251d675da83286b1cce702) (ScriptedImporter) -> (artifact id: 'a06d6cc956fa79bd0d3a6b3ce45e1f55') in 0.003046 seconds
Number of updated asset objects reloaded before import = 0Number of asset objects unloaded after import = 1

========================================================================
Received Import Request.
  Time since last request: 0.000089 seconds.
  path: Assets/TextMesh Pro
  artifactKey: Guid(f54d1bd14bd3ca042bd867b519fee8cc) Importer(2089858483,192608db42251d675da83286b1cce702)
Start importing Assets/TextMesh Pro using Guid(f54d1bd14bd3ca042bd867b519fee8cc) Importer(2089858483,192608db42251d675da83286b1cce702) (ScriptedImporter) -> (artifact id: '539b2cffa525188019515ecaee81e357') in 0.003655709 seconds
Number of updated asset objects reloaded before import = 0Number of asset objects unloaded after import = 1

========================================================================
Received Import Request.
  Time since last request: 0.000059 seconds.
  path: Assets/TextMesh Pro/Shaders/TMPro_Mobile.cginc
  artifactKey: Guid(c334973cef89a9840b0b0c507e0377ab) Importer(2089858483,192608db42251d675da83286b1cce702)
Start importing Assets/TextMesh Pro/Shaders/TMPro_Mobile.cginc using Guid(c334973cef89a9840b0b0c507e0377ab) Importer(2089858483,192608db42251d675da83286b1cce702) (ScriptedImporter) -> (artifact id: '2c05017ba4918f1c7deb8eb2aad8722c') in 0.002114625 seconds
Number of updated asset objects reloaded before import = 0Number of asset objects unloaded after import = 1

========================================================================
Received Import Request.
  Time since last request: 0.000106 seconds.
  path: Assets/TextMesh Pro/Resources/LineBreaking Leading Characters.txt
  artifactKey: Guid(d82c1b31c7e74239bff1220585707d2b) Importer(2089858483,192608db42251d675da83286b1cce702)
Start importing Assets/TextMesh Pro/Resources/LineBreaking Leading Characters.txt using Guid(d82c1b31c7e74239bff1220585707d2b) Importer(2089858483,192608db42251d675da83286b1cce702) (ScriptedImporter) -> (artifact id: '9a783907ad35eb18d15443a31a4ba2b5') in 0.002007958 seconds
Number of updated asset objects reloaded before import = 0Number of asset objects unloaded after import = 1

========================================================================
Received Import Request.
  Time since last request: 0.000110 seconds.
  path: Assets/TextMesh Pro/Sprites/EmojiOne.json
  artifactKey: Guid(8f05276190cf498a8153f6cbe761d4e6) Importer(2089858483,192608db42251d675da83286b1cce702)
Start importing Assets/TextMesh Pro/Sprites/EmojiOne.json using Guid(8f05276190cf498a8153f6cbe761d4e6) Importer(2089858483,192608db42251d675da83286b1cce702) (ScriptedImporter) -> (artifact id: 'c9125621ca95ae58ab602790ac77fb55') in 0.002278958 seconds
Number of updated asset objects reloaded before import = 0Number of asset objects unloaded after import = 1

========================================================================
Received Import Request.
  Time since last request: 0.000044 seconds.
  path: Assets/TextMesh Pro/Shaders/TMP_SDF-Mobile Overlay.shader
  artifactKey: Guid(a02a7d8c237544f1962732b55a9aebf1) Importer(2089858483,192608db42251d675da83286b1cce702)
Start importing Assets/TextMesh Pro/Shaders/TMP_SDF-Mobile Overlay.shader using Guid(a02a7d8c237544f1962732b55a9aebf1) Importer(2089858483,192608db42251d675da83286b1cce702) (ScriptedImporter) -> (artifact id: 'd3ac73c0acdfb0ae517dacd2d952dcd3') in 0.003867875 seconds
Number of updated asset objects reloaded before import = 0Number of asset objects unloaded after import = 1

========================================================================
Received Import Request.
  Time since last request: 0.000047 seconds.
  path: Assets/TopDown 2D RPG BE3
  artifactKey: Guid(be084ce5660d6480da77f5204761d297) Importer(2089858483,192608db42251d675da83286b1cce702)
Start importing Assets/TopDown 2D RPG BE3 using Guid(be084ce5660d6480da77f5204761d297) Importer(2089858483,192608db42251d675da83286b1cce702) (ScriptedImporter) -> (artifact id: 'be734f21c149fde598607aada98135ac') in 0.001875166 seconds
Number of updated asset objects reloaded before import = 0Number of asset objects unloaded after import = 1

========================================================================
Received Import Request.
  Time since last request: 0.000034 seconds.
  path: Assets/Scenes
  artifactKey: Guid(7bdb37cc63fbf473891bcc21970d348d) Importer(2089858483,192608db42251d675da83286b1cce702)
Start importing Assets/Scenes using Guid(7bdb37cc63fbf473891bcc21970d348d) Importer(2089858483,192608db42251d675da83286b1cce702) (ScriptedImporter) -> (artifact id: 'e4f2beb1bc8d8f127a75540ad0700731') in 0.001718958 seconds
Number of updated asset objects reloaded before import = 0Number of asset objects unloaded after import = 1

========================================================================
Received Import Request.
  Time since last request: 0.000047 seconds.
  path: Assets/TextMesh Pro/Shaders/SDFFunctions.hlsl
  artifactKey: Guid(96de908384869cd409c75efa351d5edf) Importer(2089858483,192608db42251d675da83286b1cce702)
Start importing Assets/TextMesh Pro/Shaders/SDFFunctions.hlsl using Guid(96de908384869cd409c75efa351d5edf) Importer(2089858483,192608db42251d675da83286b1cce702) (ScriptedImporter) -> (artifact id: '2b42a50a866e32d3e96f0e831674dcf4') in 0.002503958 seconds
Number of updated asset objects reloaded before import = 0Number of asset objects unloaded after import = 1

========================================================================
Received Import Request.
  Time since last request: 0.000036 seconds.
  path: Assets/Animations/Characters/Players/002/Test_1_Move_Back.anim
  artifactKey: Guid(c6f75be37304849edabe72e46472bd43) Importer(2089858483,192608db42251d675da83286b1cce702)
Start importing Assets/Animations/Characters/Players/002/Test_1_Move_Back.anim using Guid(c6f75be37304849edabe72e46472bd43) Importer(2089858483,192608db42251d675da83286b1cce702) (ScriptedImporter) -> (artifact id: 'e9a4646eb21e982d204f2e0867da4fc2') in 0.003112833 seconds
Number of updated asset objects reloaded before import = 0Number of asset objects unloaded after import = 1

========================================================================
Received Import Request.
  Time since last request: 0.000045 seconds.
  path: Assets/Animations/Characters/Players/002/Test_1_Move_Left.anim
  artifactKey: Guid(19473bdc5e708482ba368e49f7138d7e) Importer(2089858483,192608db42251d675da83286b1cce702)
Start importing Assets/Animations/Characters/Players/002/Test_1_Move_Left.anim using Guid(19473bdc5e708482ba368e49f7138d7e) Importer(2089858483,192608db42251d675da83286b1cce702) (ScriptedImporter) -> (artifact id: '905d38be42f115ec38aeeecae615f317') in 0.002651125 seconds
Number of updated asset objects reloaded before import = 0Number of asset objects unloaded after import = 1

========================================================================
Received Import Request.
  Time since last request: 0.000068 seconds.
  path: Assets/TilePalette/Gress 1.asset
  artifactKey: Guid(e3e0b2eb647a64c13bb4e5b6b45aba97) Importer(2089858483,192608db42251d675da83286b1cce702)
Start importing Assets/TilePalette/Gress 1.asset using Guid(e3e0b2eb647a64c13bb4e5b6b45aba97) Importer(2089858483,192608db42251d675da83286b1cce702) (ScriptedImporter) -> (artifact id: '85762fab3fe95b9a73958c0f24494897') in 0.003161333 seconds
Number of updated asset objects reloaded before import = 0Number of asset objects unloaded after import = 2

========================================================================
Received Import Request.
  Time since last request: 0.000041 seconds.
  path: Assets/FlowerInteract.cs
  artifactKey: Guid(b57932c410fc1476a96ef3c949ab1ace) Importer(2089858483,192608db42251d675da83286b1cce702)
Start importing Assets/FlowerInteract.cs using Guid(b57932c410fc1476a96ef3c949ab1ace) Importer(2089858483,192608db42251d675da83286b1cce702) (ScriptedImporter) -> (artifact id: '2e0b231e6e5388d8728769e0ae381738') in 0.002027292 seconds
Number of updated asset objects reloaded before import = 0Number of asset objects unloaded after import = 0

========================================================================
Received Import Request.
  Time since last request: 0.000055 seconds.
  path: Assets/TextMesh Pro/Sprites/EmojiOne.png
  artifactKey: Guid(dffef66376be4fa480fb02b19edbe903) Importer(2089858483,192608db42251d675da83286b1cce702)
Start importing Assets/TextMesh Pro/Sprites/EmojiOne.png using Guid(dffef66376be4fa480fb02b19edbe903) Importer(2089858483,192608db42251d675da83286b1cce702) (ScriptedImporter) -> (artifact id: '84a96e1287287c1e41b5bfe7514e3a8b') in 0.022631417 seconds
Number of updated asset objects reloaded before import = 0Number of asset objects unloaded after import = 1

========================================================================
Received Import Request.
  Time since last request: 0.000038 seconds.
  path: Assets/Animations/Characters/Players/006/Test_10_Move_Front.anim
  artifactKey: Guid(93bd5325103ec4a04a01977de734e86e) Importer(2089858483,192608db42251d675da83286b1cce702)
Start importing Assets/Animations/Characters/Players/006/Test_10_Move_Front.anim using Guid(93bd5325103ec4a04a01977de734e86e) Importer(2089858483,192608db42251d675da83286b1cce702) (ScriptedImporter) -> (artifact id: '2c067b315c1aee1c90031d13548dae18') in 0.003090042 seconds
Number of updated asset objects reloaded before import = 0Number of asset objects unloaded after import = 1

========================================================================
Received Import Request.
  Time since last request: 0.000053 seconds.
  path: Assets/TilePalette/Tiles.png
  artifactKey: Guid(b9b0689f0db7242959ab9c3e91a09845) Importer(2089858483,192608db42251d675da83286b1cce702)
Start importing Assets/TilePalette/Tiles.png using Guid(b9b0689f0db7242959ab9c3e91a09845) Importer(2089858483,192608db42251d675da83286b1cce702) (ScriptedImporter) -> (artifact id: 'd3fe4bdf936939ba91c7daf9d28f802e') in 0.032377166 seconds
Number of updated asset objects reloaded before import = 0Number of asset objects unloaded after import = 34

========================================================================
Received Import Request.
  Time since last request: 0.000038 seconds.
  path: Assets/TextMesh Pro/Shaders/TMP_SDF-URP Unlit.shadergraph
  artifactKey: Guid(124c112a6e8f1a54e8b0870e881b56d8) Importer(2089858483,192608db42251d675da83286b1cce702)
Start importing Assets/TextMesh Pro/Shaders/TMP_SDF-URP Unlit.shadergraph using Guid(124c112a6e8f1a54e8b0870e881b56d8) Importer(2089858483,192608db42251d675da83286b1cce702) (ScriptedImporter) -> (artifact id: '70d10f85a49799b595936dccd7593716') in 0.018555209 seconds
Number of updated asset objects reloaded before import = 0Number of asset objects unloaded after import = 4

========================================================================
Received Import Request.
  Time since last request: 0.000054 seconds.
  path: Assets/Font
  artifactKey: Guid(07112e10f9d6746daab9e958afc9edde) Importer(2089858483,192608db42251d675da83286b1cce702)
Start importing Assets/Font using Guid(07112e10f9d6746daab9e958afc9edde) Importer(2089858483,192608db42251d675da83286b1cce702) (ScriptedImporter) -> (artifact id: '5765e60adeb692edf6ad89ce20af0dff') in 0.001808792 seconds
Number of updated asset objects reloaded before import = 0Number of asset objects unloaded after import = 1

========================================================================
Received Import Request.
  Time since last request: 0.000056 seconds.
  path: Assets/Animations/Characters/Players/005/Test_3_Idle_Right.anim
  artifactKey: Guid(c303de03e1bb3429484d2dd8fcf33f5f) Importer(2089858483,192608db42251d675da83286b1cce702)
Start importing Assets/Animations/Characters/Players/005/Test_3_Idle_Right.anim using Guid(c303de03e1bb3429484d2dd8fcf33f5f) Importer(2089858483,192608db42251d675da83286b1cce702) (ScriptedImporter) -> (artifact id: 'de84920d08ae2e3e6fc591fce819a4ba') in 0.005161333 seconds
Number of updated asset objects reloaded before import = 0Number of asset objects unloaded after import = 1

========================================================================
Received Import Request.
  Time since last request: 0.000052 seconds.
  path: Assets/TopDown 2D RPG BE3/Sprites
  artifactKey: Guid(24208ecbe2041c34db5f5403b9304207) Importer(2089858483,192608db42251d675da83286b1cce702)
Start importing Assets/TopDown 2D RPG BE3/Sprites using Guid(24208ecbe2041c34db5f5403b9304207) Importer(2089858483,192608db42251d675da83286b1cce702) (ScriptedImporter) -> (artifact id: '86f2a066d11d171fcf89948da2e4a8d7') in 0.002430333 seconds
Number of updated asset objects reloaded before import = 0Number of asset objects unloaded after import = 1

========================================================================
Received Import Request.
  Time since last request: 0.000051 seconds.
  path: Assets/TilePalette/Water 2.asset
  artifactKey: Guid(c7745a522c04c46e7a3ed9a0ab53308c) Importer(2089858483,192608db42251d675da83286b1cce702)
Start importing Assets/TilePalette/Water 2.asset using Guid(c7745a522c04c46e7a3ed9a0ab53308c) Importer(2089858483,192608db42251d675da83286b1cce702) (ScriptedImporter) -> (artifact id: '41f01a3f8584ba386986d7905d36ff3e') in 0.003390625 seconds
Number of updated asset objects reloaded before import = 0Number of asset objects unloaded after import = 2

========================================================================
Received Import Request.
  Time since last request: 0.000043 seconds.
  path: Assets/Animations/Characters/Players/003/Test_1_Idle_Left.anim
  artifactKey: Guid(cb3461966a0d641fc820dd88a13d5682) Importer(2089858483,192608db42251d675da83286b1cce702)
Start importing Assets/Animations/Characters/Players/003/Test_1_Idle_Left.anim using Guid(cb3461966a0d641fc820dd88a13d5682) Importer(2089858483,192608db42251d675da83286b1cce702) (ScriptedImporter) -> (artifact id: '4cea012d169c7fff8c27de75b41cf98c') in 0.002821542 seconds
Number of updated asset objects reloaded before import = 0Number of asset objects unloaded after import = 1

========================================================================
Received Import Request.
  Time since last request: 0.000056 seconds.
  path: Assets/TilePalette/Gress 8.asset
  artifactKey: Guid(c3f9f89597ecb4086aacf794a8464152) Importer(2089858483,192608db42251d675da83286b1cce702)
Start importing Assets/TilePalette/Gress 8.asset using Guid(c3f9f89597ecb4086aacf794a8464152) Importer(2089858483,192608db42251d675da83286b1cce702) (ScriptedImporter) -> (artifact id: '08eae8cd4af74284327b9b0db954165f') in 0.003678584 seconds
Number of updated asset objects reloaded before import = 0Number of asset objects unloaded after import = 2

========================================================================
Received Import Request.
  Time since last request: 0.000070 seconds.
  path: Assets/TextMesh Pro/Resources/Fonts & Materials
  artifactKey: Guid(731f1baa9d144a9897cb1d341c2092b8) Importer(2089858483,192608db42251d675da83286b1cce702)
Start importing Assets/TextMesh Pro/Resources/Fonts & Materials using Guid(731f1baa9d144a9897cb1d341c2092b8) Importer(2089858483,192608db42251d675da83286b1cce702) (ScriptedImporter) -> (artifact id: '14edd0e277d9098da9f021da899b3307') in 0.002002917 seconds
Number of updated asset objects reloaded before import = 0Number of asset objects unloaded after import = 1

========================================================================
Received Import Request.
  Time since last request: 0.000108 seconds.
  path: Assets
  artifactKey: Guid(00000000000000001000000000000000) Importer(2089858483,192608db42251d675da83286b1cce702)
Start importing Assets using Guid(00000000000000001000000000000000) Importer(2089858483,192608db42251d675da83286b1cce702) (ScriptedImporter) -> (artifact id: 'e5ab4f309634ec1bbdaf131a4d9a2cf1') in 0.001819416 seconds
Number of updated asset objects reloaded before import = 0Number of asset objects unloaded after import = 1

========================================================================
Received Import Request.
  Time since last request: 0.000070 seconds.
  path: Assets/Animations/Characters/Players/006
  artifactKey: Guid(0713abe29bba8416d87dd323823ea30f) Importer(2089858483,192608db42251d675da83286b1cce702)
Start importing Assets/Animations/Characters/Players/006 using Guid(0713abe29bba8416d87dd323823ea30f) Importer(2089858483,192608db42251d675da83286b1cce702) (ScriptedImporter) -> (artifact id: '257c125eb3daed36ffda4a4226c0c179') in 0.001985542 seconds
Number of updated asset objects reloaded before import = 0Number of asset objects unloaded after import = 1

========================================================================
Received Import Request.
  Time since last request: 0.000037 seconds.
  path: Assets/Animations/Characters/Players/000/Test_Idle_Front.anim
  artifactKey: Guid(d79c310dbc1784952b095e151f3fd107) Importer(2089858483,192608db42251d675da83286b1cce702)
Start importing Assets/Animations/Characters/Players/000/Test_Idle_Front.anim using Guid(d79c310dbc1784952b095e151f3fd107) Importer(2089858483,192608db42251d675da83286b1cce702) (ScriptedImporter) -> (artifact id: 'a963a81ff86b9c73762b9f23f62953f0') in 0.003423459 seconds
Number of updated asset objects reloaded before import = 0Number of asset objects unloaded after import = 1

========================================================================
Received Import Request.
  Time since last request: 0.000033 seconds.
  path: Assets/Animations/Characters/Players/005/Test_3_Idle_Back.anim
  artifactKey: Guid(ebdf82d4db903424a81fe3b81416f7c1) Importer(2089858483,192608db42251d675da83286b1cce702)
Start importing Assets/Animations/Characters/Players/005/Test_3_Idle_Back.anim using Guid(ebdf82d4db903424a81fe3b81416f7c1) Importer(2089858483,192608db42251d675da83286b1cce702) (ScriptedImporter) -> (artifact id: 'dc13993ad95e228618fd62efcef68c61') in 0.003197125 seconds
Number of updated asset objects reloaded before import = 0Number of asset objects unloaded after import = 1

========================================================================
Received Import Request.
  Time since last request: 0.000037 seconds.
  path: Assets/Animations/Characters/Players/006/Test_10_Idle_Back.anim
  artifactKey: Guid(7659aa3edc6fe481eb18dacbdc33d5aa) Importer(2089858483,192608db42251d675da83286b1cce702)
Start importing Assets/Animations/Characters/Players/006/Test_10_Idle_Back.anim using Guid(7659aa3edc6fe481eb18dacbdc33d5aa) Importer(2089858483,192608db42251d675da83286b1cce702) (ScriptedImporter) -> (artifact id: 'd6f56db9cdf1f23b158c0d7e2f0b94b3') in 0.00379525 seconds
Number of updated asset objects reloaded before import = 0Number of asset objects unloaded after import = 1

========================================================================
Received Import Request.
  Time since last request: 0.000071 seconds.
  path: Assets/TextMesh Pro/Fonts
  artifactKey: Guid(6ab70aee4d56447429c680537fbf93ed) Importer(2089858483,192608db42251d675da83286b1cce702)
Start importing Assets/TextMesh Pro/Fonts using Guid(6ab70aee4d56447429c680537fbf93ed) Importer(2089858483,192608db42251d675da83286b1cce702) (ScriptedImporter) -> (artifact id: 'ae5d423e01ca2d2a9b5e88abb9efec55') in 0.001664541 seconds
Number of updated asset objects reloaded before import = 0Number of asset objects unloaded after import = 1

========================================================================
Received Import Request.
  Time since last request: 0.000059 seconds.
  path: Assets/TilePalette/Water 3.asset
  artifactKey: Guid(d8778f6e671164e45ab20c1d8ebb4433) Importer(2089858483,192608db42251d675da83286b1cce702)
Start importing Assets/TilePalette/Water 3.asset using Guid(d8778f6e671164e45ab20c1d8ebb4433) Importer(2089858483,192608db42251d675da83286b1cce702) (ScriptedImporter) -> (artifact id: 'fade8c7c986affaac836aca914cca6f1') in 0.003067667 seconds
Number of updated asset objects reloaded before import = 0Number of asset objects unloaded after import = 2

========================================================================
Received Import Request.
  Time since last request: 0.000042 seconds.
  path: Assets/Animations/Characters/Players/003/Test_1_Idle_Back.anim
  artifactKey: Guid(538b3d34428e44264922ce9cb1425ece) Importer(2089858483,192608db42251d675da83286b1cce702)
Start importing Assets/Animations/Characters/Players/003/Test_1_Idle_Back.anim using Guid(538b3d34428e44264922ce9cb1425ece) Importer(2089858483,192608db42251d675da83286b1cce702) (ScriptedImporter) -> (artifact id: '2f93e604b1cde27ddd5b6fd35def75e7') in 0.002867084 seconds
Number of updated asset objects reloaded before import = 0Number of asset objects unloaded after import = 1

========================================================================
Received Import Request.
  Time since last request: 0.000039 seconds.
  path: Assets/Animations/Characters/Players/000
  artifactKey: Guid(869b32ebe68e04851ad4c91b363f8d60) Importer(2089858483,192608db42251d675da83286b1cce702)
Start importing Assets/Animations/Characters/Players/000 using Guid(869b32ebe68e04851ad4c91b363f8d60) Importer(2089858483,192608db42251d675da83286b1cce702) (ScriptedImporter) -> (artifact id: 'bc59d2c1cb3a5bb9c39c6d06ffde42aa') in 0.001587167 seconds
Number of updated asset objects reloaded before import = 0Number of asset objects unloaded after import = 1

========================================================================
Received Import Request.
  Time since last request: 0.000043 seconds.
  path: Assets/Animations/Characters/Players/000/Test_Move_Front.anim
  artifactKey: Guid(58b215b381ee44a0e8004488b8811b71) Importer(2089858483,192608db42251d675da83286b1cce702)
Start importing Assets/Animations/Characters/Players/000/Test_Move_Front.anim using Guid(58b215b381ee44a0e8004488b8811b71) Importer(2089858483,192608db42251d675da83286b1cce702) (ScriptedImporter) -> (artifact id: 'c3df4600ceb4833b148c7dfc37ba1dac') in 0.00293025 seconds
Number of updated asset objects reloaded before import = 0Number of asset objects unloaded after import = 1

========================================================================
Received Import Request.
  Time since last request: 0.000050 seconds.
  path: Assets/Animations/Characters/Players/001/Test_1_Move_Right.anim
  artifactKey: Guid(5aa8a08f022d44178a6c8f34c12b1bfb) Importer(2089858483,192608db42251d675da83286b1cce702)
Start importing Assets/Animations/Characters/Players/001/Test_1_Move_Right.anim using Guid(5aa8a08f022d44178a6c8f34c12b1bfb) Importer(2089858483,192608db42251d675da83286b1cce702) (ScriptedImporter) -> (artifact id: '6a9fb3f827c790a87dba80df3d5d8c37') in 0.002922125 seconds
Number of updated asset objects reloaded before import = 0Number of asset objects unloaded after import = 1

========================================================================
Received Import Request.
  Time since last request: 0.000043 seconds.
  path: Assets/Animations/Characters/Players/006/Test_10.overrideController
  artifactKey: Guid(cc8596c4a74304e128dfb1947e06e4ff) Importer(2089858483,192608db42251d675da83286b1cce702)
Start importing Assets/Animations/Characters/Players/006/Test_10.overrideController using Guid(cc8596c4a74304e128dfb1947e06e4ff) Importer(2089858483,192608db42251d675da83286b1cce702) (ScriptedImporter) -> (artifact id: '06a690b08f8d4d769c63ca1456f6e386') in 0.003816458 seconds
Number of updated asset objects reloaded before import = 0Number of asset objects unloaded after import = 9

========================================================================
Received Import Request.
  Time since last request: 0.000038 seconds.
  path: Assets/TextMesh Pro/Shaders/TMP_SDF-HDRP UNLIT.shadergraph
  artifactKey: Guid(f63d574838ccfb44f84acc05fed0af48) Importer(2089858483,192608db42251d675da83286b1cce702)
Start importing Assets/TextMesh Pro/Shaders/TMP_SDF-HDRP UNLIT.shadergraph using Guid(f63d574838ccfb44f84acc05fed0af48) Importer(2089858483,192608db42251d675da83286b1cce702) (ScriptedImporter) -> (artifact id: '556876ff75bb3449b3dde8541a041f51') in 0.007445167 seconds
Number of updated asset objects reloaded before import = 0Number of asset objects unloaded after import = 3

========================================================================
Received Import Request.
  Time since last request: 0.000058 seconds.
  path: Assets/TextMesh Pro/Shaders/TMP_SDF-Mobile Masking.shader
  artifactKey: Guid(bc1ede39bf3643ee8e493720e4259791) Importer(2089858483,192608db42251d675da83286b1cce702)
Start importing Assets/TextMesh Pro/Shaders/TMP_SDF-Mobile Masking.shader using Guid(bc1ede39bf3643ee8e493720e4259791) Importer(2089858483,192608db42251d675da83286b1cce702) (ScriptedImporter) -> (artifact id: '6904689416eed2e5331a0832ea9510b6') in 0.003815458 seconds
Number of updated asset objects reloaded before import = 0Number of asset objects unloaded after import = 1

========================================================================
Received Import Request.
  Time since last request: 0.000037 seconds.
  path: Assets/Settings/Scenes/URP2DSceneTemplate.unity
  artifactKey: Guid(2cda990e2423bbf4892e6590ba056729) Importer(815301076,1909f56bfc062723c751e8b465ee728b)
Start importing Assets/Settings/Scenes/URP2DSceneTemplate.unity using Guid(2cda990e2423bbf4892e6590ba056729) Importer(815301076,1909f56bfc062723c751e8b465ee728b) (PreviewImporter) -> (artifact id: '10d8b858ca32f41967764b2ffe6cb1fa') in 0.000291625 seconds
Number of updated asset objects reloaded before import = 0Number of asset objects unloaded after import = 0

========================================================================
Received Import Request.
  Time since last request: 0.000052 seconds.
  path: Assets/TextMesh Pro/Shaders/TMP_Sprite.shader
  artifactKey: Guid(cf81c85f95fe47e1a27f6ae460cf182c) Importer(2089858483,192608db42251d675da83286b1cce702)
Start importing Assets/TextMesh Pro/Shaders/TMP_Sprite.shader using Guid(cf81c85f95fe47e1a27f6ae460cf182c) Importer(2089858483,192608db42251d675da83286b1cce702) (ScriptedImporter) -> (artifact id: 'bfd76a8da4d10f719f944ea3eb023f5a') in 0.003295833 seconds
Number of updated asset objects reloaded before import = 0Number of asset objects unloaded after import = 1

========================================================================
Received Import Request.
  Time since last request: 0.000105 seconds.
  path: Assets/TilePalette/Gress 7.asset
  artifactKey: Guid(520f957865d6c489b93112e22623f190) Importer(2089858483,192608db42251d675da83286b1cce702)
Start importing Assets/TilePalette/Gress 7.asset using Guid(520f957865d6c489b93112e22623f190) Importer(2089858483,192608db42251d675da83286b1cce702) (ScriptedImporter) -> (artifact id: '2559becd2561b6a692e9b126a57c97d9') in 0.003046417 seconds
Number of updated asset objects reloaded before import = 0Number of asset objects unloaded after import = 2

========================================================================
Received Import Request.
  Time since last request: 0.000038 seconds.
  path: Assets/TextMesh Pro/Sprites/EmojiOne Attribution.txt
  artifactKey: Guid(381dcb09d5029d14897e55f98031fca5) Importer(2089858483,192608db42251d675da83286b1cce702)
Start importing Assets/TextMesh Pro/Sprites/EmojiOne Attribution.txt using Guid(381dcb09d5029d14897e55f98031fca5) Importer(2089858483,192608db42251d675da83286b1cce702) (ScriptedImporter) -> (artifact id: '2531a2fb72805d6ad45bd6c64dba123f') in 0.001979375 seconds
Number of updated asset objects reloaded before import = 0Number of asset objects unloaded after import = 1

========================================================================
Received Import Request.
  Time since last request: 0.000038 seconds.
  path: Assets/Font/Arial Unicode.ttf
  artifactKey: Guid(15498e5f76bcd4dbe8f4df6737ba1a79) Importer(2089858483,192608db42251d675da83286b1cce702)
Start importing Assets/Font/Arial Unicode.ttf using Guid(15498e5f76bcd4dbe8f4df6737ba1a79) Importer(2089858483,192608db42251d675da83286b1cce702) (ScriptedImporter) -> (artifact id: 'e305638c565aa16ad89fe405d45bdeb2') in 0.026147042 seconds
Number of updated asset objects reloaded before import = 0Number of asset objects unloaded after import = 3

========================================================================
Received Import Request.
  Time since last request: 0.000045 seconds.
  path: Assets/TextMesh Pro/Fonts/LiberationSans.ttf
  artifactKey: Guid(e3265ab4bf004d28a9537516768c1c75) Importer(2089858483,192608db42251d675da83286b1cce702)
Start importing Assets/TextMesh Pro/Fonts/LiberationSans.ttf using Guid(e3265ab4bf004d28a9537516768c1c75) Importer(2089858483,192608db42251d675da83286b1cce702) (ScriptedImporter) -> (artifact id: '5b356f263150865c61597c520e441974') in 0.004920458 seconds
Number of updated asset objects reloaded before import = 0Number of asset objects unloaded after import = 3

========================================================================
Received Import Request.
  Time since last request: 0.000036 seconds.
  path: Assets/Animations/Characters/Players/004/Test_1_Idle_Back.anim
  artifactKey: Guid(f18c5609c54bd4509b5c4454af0988c7) Importer(2089858483,192608db42251d675da83286b1cce702)
Start importing Assets/Animations/Characters/Players/004/Test_1_Idle_Back.anim using Guid(f18c5609c54bd4509b5c4454af0988c7) Importer(2089858483,192608db42251d675da83286b1cce702) (ScriptedImporter) -> (artifact id: '53ffeaa74024d95f31a4731f256dd2ce') in 0.002792417 seconds
Number of updated asset objects reloaded before import = 0Number of asset objects unloaded after import = 1

========================================================================
Received Import Request.
  Time since last request: 2.620362 seconds.
  path: Assets/TextMesh Pro/Shaders/TMP_SDF-URP Lit.shadergraph
  artifactKey: Guid(a3d800b099a06e0478fb790c5e79057a) Importer(815301076,1909f56bfc062723c751e8b465ee728b)
Start importing Assets/TextMesh Pro/Shaders/TMP_SDF-URP Lit.shadergraph using Guid(a3d800b099a06e0478fb790c5e79057a) Importer(815301076,1909f56bfc062723c751e8b465ee728b) (PreviewImporter) -> (artifact id: 'eff0016b62674f414b5ab2e258bd0eb5') in 0.809124542 seconds
Number of updated asset objects reloaded before import = 0Number of asset objects unloaded after import = 3

========================================================================
Received Prepare
Refreshing native plugins compatible for Editor in 0.60 ms, found 3 plugins.
Preloading 0 native plugins for Editor in 0.00 ms.
Unloading 15 Unused Serialized files (Serialized files now loaded: 0)
Unloading 6554 unused Assets / (2.8 MB). Loaded Objects now: 7487.
Memory consumption went from 152.1 MB to 149.3 MB.
Total: 29.379750 ms (FindLiveObjects: 0.519417 ms CreateObjectMapping: 0.252791 ms MarkObjects: 26.819542 ms  DeleteObjects: 1.786959 ms)

Prepare: number of updated asset objects reloaded= 0
========================================================================
Received Import Request.
  Time since last request: 588.701802 seconds.
  path: Assets/SwimmingPoolGate.cs
  artifactKey: Guid(7698c55ffb3244bd899d790219e98b7b) Importer(2089858483,192608db42251d675da83286b1cce702)
Start importing Assets/SwimmingPoolGate.cs using Guid(7698c55ffb3244bd899d790219e98b7b) Importer(2089858483,192608db42251d675da83286b1cce702) (ScriptedImporter) -> (artifact id: 'a21cc908e9d522441955ee56a55634df') in 0.004262792 seconds
Number of updated asset objects reloaded before import = 0Number of asset objects unloaded after import = 0

========================================================================
Received Prepare
Begin MonoManager ReloadAssembly
Thread 0x16f877000 may have been prematurely finalized
- Loaded All Assemblies, in  0.604 seconds
Refreshing native plugins compatible for Editor in 0.41 ms, found 3 plugins.
Native extension for OSXStandalone target not found
Native extension for WebGL target not found
Mono: successfully reloaded assembly
- Finished resetting the current domain, in  0.522 seconds
Domain Reload Profiling: 1129ms
	BeginReloadAssembly (189ms)
		ExecutionOrderSort (0ms)
		DisableScriptedObjects (21ms)
		BackupInstance (0ms)
		ReleaseScriptingObjects (0ms)
		CreateAndSetChildDomain (96ms)
	RebuildCommonClasses (29ms)
	RebuildNativeTypeToScriptingClass (10ms)
	initialDomainReloadingComplete (18ms)
	LoadAllAssembliesAndSetupDomain (360ms)
		LoadAssemblies (240ms)
		RebuildTransferFunctionScriptingTraits (0ms)
		AnalyzeDomain (160ms)
			TypeCache.Refresh (12ms)
				TypeCache.ScanAssembly (0ms)
			BuildScriptInfoCaches (137ms)
			ResolveRequiredComponents (8ms)
	FinalizeReload (523ms)
		ReleaseScriptCaches (0ms)
		RebuildScriptCaches (0ms)
		SetupLoadedEditorAssemblies (376ms)
			LogAssemblyErrors (0ms)
			InitializePlatformSupportModulesInManaged (4ms)
			SetLoadedEditorAssemblies (3ms)
			BeforeProcessingInitializeOnLoad (82ms)
			ProcessInitializeOnLoadAttributes (246ms)
			ProcessInitializeOnLoadMethodAttributes (40ms)
			AfterProcessingInitializeOnLoad (1ms)
			EditorAssembliesLoaded (0ms)
		ExecutionOrderSort2 (0ms)
		AwakeInstancesAfterBackupRestoration (6ms)
Refreshing native plugins compatible for Editor in 0.44 ms, found 3 plugins.
Preloading 0 native plugins for Editor in 0.00 ms.
Unloading 14 Unused Serialized files (Serialized files now loaded: 0)
Unloading 6565 unused Assets / (4.5 MB). Loaded Objects now: 7387.
Memory consumption went from 154.6 MB to 150.1 MB.
Total: 6.284750 ms (FindLiveObjects: 0.446625 ms CreateObjectMapping: 0.223292 ms MarkObjects: 3.911500 ms  DeleteObjects: 1.702708 ms)

Prepare: number of updated asset objects reloaded= 0
========================================================================
Received Prepare
Begin MonoManager ReloadAssembly
Thread 0x16f877000 may have been prematurely finalized
- Loaded All Assemblies, in  0.505 seconds
Refreshing native plugins compatible for Editor in 0.37 ms, found 3 plugins.
Native extension for OSXStandalone target not found
Native extension for WebGL target not found
Mono: successfully reloaded assembly
- Finished resetting the current domain, in  0.543 seconds
Domain Reload Profiling: 1051ms
	BeginReloadAssembly (127ms)
		ExecutionOrderSort (0ms)
		DisableScriptedObjects (8ms)
		BackupInstance (0ms)
		ReleaseScriptingObjects (0ms)
		CreateAndSetChildDomain (55ms)
	RebuildCommonClasses (28ms)
	RebuildNativeTypeToScriptingClass (10ms)
	initialDomainReloadingComplete (14ms)
	LoadAllAssembliesAndSetupDomain (329ms)
		LoadAssemblies (201ms)
		RebuildTransferFunctionScriptingTraits (0ms)
		AnalyzeDomain (162ms)
			TypeCache.Refresh (11ms)
				TypeCache.ScanAssembly (0ms)
			BuildScriptInfoCaches (141ms)
			ResolveRequiredComponents (8ms)
	FinalizeReload (544ms)
		ReleaseScriptCaches (0ms)
		RebuildScriptCaches (0ms)
		SetupLoadedEditorAssemblies (396ms)
			LogAssemblyErrors (0ms)
			InitializePlatformSupportModulesInManaged (3ms)
			SetLoadedEditorAssemblies (3ms)
			BeforeProcessingInitializeOnLoad (94ms)
			ProcessInitializeOnLoadAttributes (253ms)
			ProcessInitializeOnLoadMethodAttributes (42ms)
			AfterProcessingInitializeOnLoad (1ms)
			EditorAssembliesLoaded (0ms)
		ExecutionOrderSort2 (0ms)
		AwakeInstancesAfterBackupRestoration (6ms)
Refreshing native plugins compatible for Editor in 0.46 ms, found 3 plugins.
Preloading 0 native plugins for Editor in 0.00 ms.
Unloading 14 Unused Serialized files (Serialized files now loaded: 0)
Unloading 6565 unused Assets / (4.3 MB). Loaded Objects now: 7389.
Memory consumption went from 153.3 MB to 149.0 MB.
Total: 6.423125 ms (FindLiveObjects: 0.404334 ms CreateObjectMapping: 0.262500 ms MarkObjects: 4.143542 ms  DeleteObjects: 1.611750 ms)

Prepare: number of updated asset objects reloaded= 0
========================================================================
Received Import Request.
  Time since last request: 39.803556 seconds.
  path: Assets/SwimmingPoolGate.cs
  artifactKey: Guid(7698c55ffb3244bd899d790219e98b7b) Importer(815301076,1909f56bfc062723c751e8b465ee728b)
Start importing Assets/SwimmingPoolGate.cs using Guid(7698c55ffb3244bd899d790219e98b7b) Importer(815301076,1909f56bfc062723c751e8b465ee728b) (PreviewImporter) -> (artifact id: '12f01751cb9eb29c0009eea9e9d991de') in 0.001148166 seconds
Number of updated asset objects reloaded before import = 0Number of asset objects unloaded after import = 0

========================================================================
Received Prepare
Begin MonoManager ReloadAssembly
Thread 0x16f877000 may have been prematurely finalized
- Loaded All Assemblies, in  0.610 seconds
Refreshing native plugins compatible for Editor in 0.37 ms, found 3 plugins.
Native extension for OSXStandalone target not found
Native extension for WebGL target not found
Mono: successfully reloaded assembly
- Finished resetting the current domain, in  0.594 seconds
Domain Reload Profiling: 1207ms
	BeginReloadAssembly (195ms)
		ExecutionOrderSort (0ms)
		DisableScriptedObjects (20ms)
		BackupInstance (0ms)
		ReleaseScriptingObjects (0ms)
		CreateAndSetChildDomain (83ms)
	RebuildCommonClasses (30ms)
	RebuildNativeTypeToScriptingClass (10ms)
	initialDomainReloadingComplete (16ms)
	LoadAllAssembliesAndSetupDomain (361ms)
		LoadAssemblies (235ms)
		RebuildTransferFunctionScriptingTraits (0ms)
		AnalyzeDomain (165ms)
			TypeCache.Refresh (9ms)
				TypeCache.ScanAssembly (0ms)
			BuildScriptInfoCaches (145ms)
			ResolveRequiredComponents (8ms)
	FinalizeReload (594ms)
		ReleaseScriptCaches (0ms)
		RebuildScriptCaches (0ms)
		SetupLoadedEditorAssemblies (452ms)
			LogAssemblyErrors (0ms)
			InitializePlatformSupportModulesInManaged (6ms)
			SetLoadedEditorAssemblies (3ms)
			BeforeProcessingInitializeOnLoad (90ms)
			ProcessInitializeOnLoadAttributes (302ms)
			ProcessInitializeOnLoadMethodAttributes (50ms)
			AfterProcessingInitializeOnLoad (1ms)
			EditorAssembliesLoaded (0ms)
		ExecutionOrderSort2 (0ms)
		AwakeInstancesAfterBackupRestoration (7ms)
Refreshing native plugins compatible for Editor in 0.62 ms, found 3 plugins.
Preloading 0 native plugins for Editor in 0.00 ms.
Unloading 14 Unused Serialized files (Serialized files now loaded: 0)
Unloading 6565 unused Assets / (2.9 MB). Loaded Objects now: 7391.
Memory consumption went from 152.3 MB to 149.3 MB.
Total: 7.635792 ms (FindLiveObjects: 0.552875 ms CreateObjectMapping: 0.418459 ms MarkObjects: 4.850500 ms  DeleteObjects: 1.812958 ms)

Prepare: number of updated asset objects reloaded= 0
========================================================================
Received Prepare
Begin MonoManager ReloadAssembly
Thread 0x16f877000 may have been prematurely finalized
- Loaded All Assemblies, in  0.509 seconds
Refreshing native plugins compatible for Editor in 0.37 ms, found 3 plugins.
Native extension for OSXStandalone target not found
Native extension for WebGL target not found
Mono: successfully reloaded assembly
- Finished resetting the current domain, in  0.562 seconds
Domain Reload Profiling: 1074ms
	BeginReloadAssembly (128ms)
		ExecutionOrderSort (0ms)
		DisableScriptedObjects (9ms)
		BackupInstance (0ms)
		ReleaseScriptingObjects (0ms)
		CreateAndSetChildDomain (53ms)
	RebuildCommonClasses (28ms)
	RebuildNativeTypeToScriptingClass (10ms)
	initialDomainReloadingComplete (14ms)
	LoadAllAssembliesAndSetupDomain (331ms)
		LoadAssemblies (212ms)
		RebuildTransferFunctionScriptingTraits (0ms)
		AnalyzeDomain (155ms)
			TypeCache.Refresh (8ms)
				TypeCache.ScanAssembly (0ms)
			BuildScriptInfoCaches (136ms)
			ResolveRequiredComponents (8ms)
	FinalizeReload (562ms)
		ReleaseScriptCaches (0ms)
		RebuildScriptCaches (0ms)
		SetupLoadedEditorAssemblies (427ms)
			LogAssemblyErrors (0ms)
			InitializePlatformSupportModulesInManaged (2ms)
			SetLoadedEditorAssemblies (3ms)
			BeforeProcessingInitializeOnLoad (94ms)
			ProcessInitializeOnLoadAttributes (281ms)
			ProcessInitializeOnLoadMethodAttributes (46ms)
			AfterProcessingInitializeOnLoad (1ms)
			EditorAssembliesLoaded (0ms)
		ExecutionOrderSort2 (0ms)
		AwakeInstancesAfterBackupRestoration (7ms)
Refreshing native plugins compatible for Editor in 0.52 ms, found 3 plugins.
Preloading 0 native plugins for Editor in 0.00 ms.
Unloading 14 Unused Serialized files (Serialized files now loaded: 0)
Unloading 6565 unused Assets / (3.0 MB). Loaded Objects now: 7393.
Memory consumption went from 151.4 MB to 148.4 MB.
Total: 7.051250 ms (FindLiveObjects: 0.527583 ms CreateObjectMapping: 0.330458 ms MarkObjects: 4.479334 ms  DeleteObjects: 1.713667 ms)

Prepare: number of updated asset objects reloaded= 0
========================================================================
Received Prepare
Begin MonoManager ReloadAssembly
Thread 0x16f877000 may have been prematurely finalized
- Loaded All Assemblies, in  0.617 seconds
Refreshing native plugins compatible for Editor in 0.51 ms, found 3 plugins.
Native extension for OSXStandalone target not found
Native extension for WebGL target not found
Mono: successfully reloaded assembly
- Finished resetting the current domain, in  0.536 seconds
Domain Reload Profiling: 1156ms
	BeginReloadAssembly (196ms)
		ExecutionOrderSort (0ms)
		DisableScriptedObjects (22ms)
		BackupInstance (0ms)
		ReleaseScriptingObjects (0ms)
		CreateAndSetChildDomain (88ms)
	RebuildCommonClasses (29ms)
	RebuildNativeTypeToScriptingClass (10ms)
	initialDomainReloadingComplete (21ms)
	LoadAllAssembliesAndSetupDomain (364ms)
		LoadAssemblies (230ms)
		RebuildTransferFunctionScriptingTraits (0ms)
		AnalyzeDomain (177ms)
			TypeCache.Refresh (12ms)
				TypeCache.ScanAssembly (0ms)
			BuildScriptInfoCaches (155ms)
			ResolveRequiredComponents (8ms)
	FinalizeReload (536ms)
		ReleaseScriptCaches (0ms)
		RebuildScriptCaches (0ms)
		SetupLoadedEditorAssemblies (395ms)
			LogAssemblyErrors (0ms)
			InitializePlatformSupportModulesInManaged (3ms)
			SetLoadedEditorAssemblies (3ms)
			BeforeProcessingInitializeOnLoad (94ms)
			ProcessInitializeOnLoadAttributes (253ms)
			ProcessInitializeOnLoadMethodAttributes (40ms)
			AfterProcessingInitializeOnLoad (2ms)
			EditorAssembliesLoaded (0ms)
		ExecutionOrderSort2 (0ms)
		AwakeInstancesAfterBackupRestoration (5ms)
Refreshing native plugins compatible for Editor in 0.56 ms, found 3 plugins.
Preloading 0 native plugins for Editor in 0.00 ms.
Unloading 14 Unused Serialized files (Serialized files now loaded: 0)
Unloading 6565 unused Assets / (4.4 MB). Loaded Objects now: 7395.
Memory consumption went from 151.4 MB to 147.0 MB.
Total: 6.436959 ms (FindLiveObjects: 0.412542 ms CreateObjectMapping: 0.282000 ms MarkObjects: 4.046209 ms  DeleteObjects: 1.695875 ms)

Prepare: number of updated asset objects reloaded= 0
========================================================================
Received Prepare
Begin MonoManager ReloadAssembly
Thread 0x16f877000 may have been prematurely finalized
- Loaded All Assemblies, in  0.519 seconds
Refreshing native plugins compatible for Editor in 0.36 ms, found 3 plugins.
Native extension for OSXStandalone target not found
Native extension for WebGL target not found
Mono: successfully reloaded assembly
- Finished resetting the current domain, in  0.562 seconds
Domain Reload Profiling: 1084ms
	BeginReloadAssembly (128ms)
		ExecutionOrderSort (0ms)
		DisableScriptedObjects (8ms)
		BackupInstance (0ms)
		ReleaseScriptingObjects (0ms)
		CreateAndSetChildDomain (53ms)
	RebuildCommonClasses (28ms)
	RebuildNativeTypeToScriptingClass (10ms)
	initialDomainReloadingComplete (14ms)
	LoadAllAssembliesAndSetupDomain (341ms)
		LoadAssemblies (223ms)
		RebuildTransferFunctionScriptingTraits (0ms)
		AnalyzeDomain (155ms)
			TypeCache.Refresh (9ms)
				TypeCache.ScanAssembly (0ms)
			BuildScriptInfoCaches (136ms)
			ResolveRequiredComponents (8ms)
	FinalizeReload (562ms)
		ReleaseScriptCaches (0ms)
		RebuildScriptCaches (0ms)
		SetupLoadedEditorAssemblies (426ms)
			LogAssemblyErrors (0ms)
			InitializePlatformSupportModulesInManaged (2ms)
			SetLoadedEditorAssemblies (3ms)
			BeforeProcessingInitializeOnLoad (96ms)
			ProcessInitializeOnLoadAttributes (273ms)
			ProcessInitializeOnLoadMethodAttributes (50ms)
			AfterProcessingInitializeOnLoad (2ms)
			EditorAssembliesLoaded (0ms)
		ExecutionOrderSort2 (0ms)
		AwakeInstancesAfterBackupRestoration (7ms)
Refreshing native plugins compatible for Editor in 0.56 ms, found 3 plugins.
Preloading 0 native plugins for Editor in 0.00 ms.
Unloading 14 Unused Serialized files (Serialized files now loaded: 0)
Unloading 6565 unused Assets / (3.1 MB). Loaded Objects now: 7397.
Memory consumption went from 151.4 MB to 148.3 MB.
Total: 7.604083 ms (FindLiveObjects: 0.453833 ms CreateObjectMapping: 0.289709 ms MarkObjects: 4.928875 ms  DeleteObjects: 1.931083 ms)

Prepare: number of updated asset objects reloaded= 0
========================================================================
Received Prepare
Begin MonoManager ReloadAssembly
Thread 0x16f877000 may have been prematurely finalized
- Loaded All Assemblies, in  0.610 seconds
Refreshing native plugins compatible for Editor in 0.47 ms, found 3 plugins.
Native extension for OSXStandalone target not found
Native extension for WebGL target not found
Mono: successfully reloaded assembly
- Finished resetting the current domain, in  0.786 seconds
Domain Reload Profiling: 1399ms
	BeginReloadAssembly (183ms)
		ExecutionOrderSort (0ms)
		DisableScriptedObjects (19ms)
		BackupInstance (0ms)
		ReleaseScriptingObjects (0ms)
		CreateAndSetChildDomain (81ms)
	RebuildCommonClasses (37ms)
	RebuildNativeTypeToScriptingClass (10ms)
	initialDomainReloadingComplete (21ms)
	LoadAllAssembliesAndSetupDomain (362ms)
		LoadAssemblies (244ms)
		RebuildTransferFunctionScriptingTraits (0ms)
		AnalyzeDomain (161ms)
			TypeCache.Refresh (10ms)
				TypeCache.ScanAssembly (0ms)
			BuildScriptInfoCaches (140ms)
			ResolveRequiredComponents (8ms)
	FinalizeReload (786ms)
		ReleaseScriptCaches (0ms)
		RebuildScriptCaches (0ms)
		SetupLoadedEditorAssemblies (620ms)
			LogAssemblyErrors (0ms)
			InitializePlatformSupportModulesInManaged (3ms)
			SetLoadedEditorAssemblies (4ms)
			BeforeProcessingInitializeOnLoad (137ms)
			ProcessInitializeOnLoadAttributes (415ms)
			ProcessInitializeOnLoadMethodAttributes (61ms)
			AfterProcessingInitializeOnLoad (1ms)
			EditorAssembliesLoaded (0ms)
		ExecutionOrderSort2 (0ms)
		AwakeInstancesAfterBackupRestoration (8ms)
Refreshing native plugins compatible for Editor in 0.92 ms, found 3 plugins.
Preloading 0 native plugins for Editor in 0.00 ms.
Unloading 14 Unused Serialized files (Serialized files now loaded: 0)
Unloading 6565 unused Assets / (3.1 MB). Loaded Objects now: 7399.
Memory consumption went from 151.3 MB to 148.3 MB.
Total: 9.008042 ms (FindLiveObjects: 0.500833 ms CreateObjectMapping: 0.286958 ms MarkObjects: 5.961375 ms  DeleteObjects: 2.257875 ms)

Prepare: number of updated asset objects reloaded= 0
========================================================================
Received Import Request.
  Time since last request: 2678.012402 seconds.
  path: ProjectSettings/TagManager.asset
  artifactKey: Guid(00000000000000003000000000000000) Importer(815301076,1909f56bfc062723c751e8b465ee728b)
Start importing ProjectSettings/TagManager.asset using Guid(00000000000000003000000000000000) Importer(815301076,1909f56bfc062723c751e8b465ee728b) (PreviewImporter) -> (artifact id: '77f9dd6f28fd7527787506f1412fa193') in 0.0384355 seconds
Number of updated asset objects reloaded before import = 0Number of asset objects unloaded after import = 0

========================================================================
Received Prepare
Begin MonoManager ReloadAssembly
Thread 0x16f877000 may have been prematurely finalized
- Loaded All Assemblies, in  0.589 seconds
Refreshing native plugins compatible for Editor in 0.48 ms, found 3 plugins.
Native extension for OSXStandalone target not found
Native extension for WebGL target not found
Mono: successfully reloaded assembly
- Finished resetting the current domain, in  0.566 seconds
Domain Reload Profiling: 1158ms
	BeginReloadAssembly (165ms)
		ExecutionOrderSort (0ms)
		DisableScriptedObjects (10ms)
		BackupInstance (0ms)
		ReleaseScriptingObjects (0ms)
		CreateAndSetChildDomain (69ms)
	RebuildCommonClasses (29ms)
	RebuildNativeTypeToScriptingClass (10ms)
	initialDomainReloadingComplete (15ms)
	LoadAllAssembliesAndSetupDomain (373ms)
		LoadAssemblies (244ms)
		RebuildTransferFunctionScriptingTraits (0ms)
		AnalyzeDomain (169ms)
			TypeCache.Refresh (10ms)
				TypeCache.ScanAssembly (0ms)
			BuildScriptInfoCaches (149ms)
			ResolveRequiredComponents (8ms)
	FinalizeReload (566ms)
		ReleaseScriptCaches (0ms)
		RebuildScriptCaches (0ms)
		SetupLoadedEditorAssemblies (428ms)
			LogAssemblyErrors (0ms)
			InitializePlatformSupportModulesInManaged (2ms)
			SetLoadedEditorAssemblies (3ms)
			BeforeProcessingInitializeOnLoad (87ms)
			ProcessInitializeOnLoadAttributes (287ms)
			ProcessInitializeOnLoadMethodAttributes (48ms)
			AfterProcessingInitializeOnLoad (1ms)
			EditorAssembliesLoaded (0ms)
		ExecutionOrderSort2 (0ms)
		AwakeInstancesAfterBackupRestoration (7ms)
Refreshing native plugins compatible for Editor in 0.60 ms, found 3 plugins.
Preloading 0 native plugins for Editor in 0.00 ms.
Unloading 14 Unused Serialized files (Serialized files now loaded: 0)
Unloading 6566 unused Assets / (3.0 MB). Loaded Objects now: 7401.
Memory consumption went from 151.4 MB to 148.4 MB.
Total: 7.613666 ms (FindLiveObjects: 0.488084 ms CreateObjectMapping: 0.387334 ms MarkObjects: 4.942875 ms  DeleteObjects: 1.794875 ms)

Prepare: number of updated asset objects reloaded= 0
========================================================================
Received Import Request.
  Time since last request: 267.716246 seconds.
  path: Assets/Font/AppleGothic SDF.asset
  artifactKey: Guid(a07b8592232174161a6e8895b0638f5a) Importer(815301076,1909f56bfc062723c751e8b465ee728b)
Start importing Assets/Font/AppleGothic SDF.asset using Guid(a07b8592232174161a6e8895b0638f5a) Importer(815301076,1909f56bfc062723c751e8b465ee728b) (PreviewImporter) -> (artifact id: 'ea2c5a242214eef0676fbfa8cfbf06b1') in 0.808364208 seconds
Number of updated asset objects reloaded before import = 0Number of asset objects unloaded after import = 4

========================================================================
Received Prepare
Begin MonoManager ReloadAssembly
Thread 0x16f877000 may have been prematurely finalized
- Loaded All Assemblies, in  0.587 seconds
Refreshing native plugins compatible for Editor in 0.47 ms, found 3 plugins.
Native extension for OSXStandalone target not found
Native extension for WebGL target not found
Mono: successfully reloaded assembly
- Finished resetting the current domain, in  0.605 seconds
Domain Reload Profiling: 1195ms
	BeginReloadAssembly (168ms)
		ExecutionOrderSort (0ms)
		DisableScriptedObjects (17ms)
		BackupInstance (0ms)
		ReleaseScriptingObjects (0ms)
		CreateAndSetChildDomain (78ms)
	RebuildCommonClasses (28ms)
	RebuildNativeTypeToScriptingClass (10ms)
	initialDomainReloadingComplete (16ms)
	LoadAllAssembliesAndSetupDomain (367ms)
		LoadAssemblies (244ms)
		RebuildTransferFunctionScriptingTraits (0ms)
		AnalyzeDomain (160ms)
			TypeCache.Refresh (9ms)
				TypeCache.ScanAssembly (0ms)
			BuildScriptInfoCaches (140ms)
			ResolveRequiredComponents (8ms)
	FinalizeReload (606ms)
		ReleaseScriptCaches (0ms)
		RebuildScriptCaches (0ms)
		SetupLoadedEditorAssemblies (467ms)
			LogAssemblyErrors (0ms)
			InitializePlatformSupportModulesInManaged (2ms)
			SetLoadedEditorAssemblies (3ms)
			BeforeProcessingInitializeOnLoad (88ms)
			ProcessInitializeOnLoadAttributes (323ms)
			ProcessInitializeOnLoadMethodAttributes (50ms)
			AfterProcessingInitializeOnLoad (1ms)
			EditorAssembliesLoaded (0ms)
		ExecutionOrderSort2 (0ms)
		AwakeInstancesAfterBackupRestoration (7ms)
Refreshing native plugins compatible for Editor in 0.53 ms, found 3 plugins.
Preloading 0 native plugins for Editor in 0.00 ms.
Unloading 14 Unused Serialized files (Serialized files now loaded: 0)
Unloading 6565 unused Assets / (3.1 MB). Loaded Objects now: 7428.
Memory consumption went from 155.8 MB to 152.7 MB.
Total: 7.744875 ms (FindLiveObjects: 0.492750 ms CreateObjectMapping: 0.641084 ms MarkObjects: 4.872541 ms  DeleteObjects: 1.738042 ms)

Prepare: number of updated asset objects reloaded= 0
========================================================================
Received Import Request.
  Time since last request: 537.080888 seconds.
  path: Assets/PlantFollower.cs
  artifactKey: Guid(2168117c97241440dae4d5c9cd42b96b) Importer(815301076,1909f56bfc062723c751e8b465ee728b)
Start importing Assets/PlantFollower.cs using Guid(2168117c97241440dae4d5c9cd42b96b) Importer(815301076,1909f56bfc062723c751e8b465ee728b) (PreviewImporter) -> (artifact id: '44946e9a86115e2a69f91eab288beaa3') in 0.011691375 seconds
Number of updated asset objects reloaded before import = 0Number of asset objects unloaded after import = 0

========================================================================
Received Prepare
Refreshing native plugins compatible for Editor in 0.58 ms, found 3 plugins.
Preloading 0 native plugins for Editor in 0.00 ms.
Unloading 14 Unused Serialized files (Serialized files now loaded: 0)
Unloading 6555 unused Assets / (2.3 MB). Loaded Objects now: 7429.
Memory consumption went from 147.9 MB to 145.6 MB.
Total: 23.724833 ms (FindLiveObjects: 0.523792 ms CreateObjectMapping: 0.288167 ms MarkObjects: 21.364000 ms  DeleteObjects: 1.548417 ms)

Prepare: number of updated asset objects reloaded= 0
========================================================================
Received Import Request.
  Time since last request: 14.354491 seconds.
  path: Assets/DeskInteraction.cs
  artifactKey: Guid(44ad8d31a97e644389be799c977c591a) Importer(815301076,1909f56bfc062723c751e8b465ee728b)
Start importing Assets/DeskInteraction.cs using Guid(44ad8d31a97e644389be799c977c591a) Importer(815301076,1909f56bfc062723c751e8b465ee728b) (PreviewImporter) -> (artifact id: '3aa6e2645a4d6f18cf7f6593f7328db6') in 0.000564125 seconds
Number of updated asset objects reloaded before import = 0Number of asset objects unloaded after import = 0

========================================================================
Received Prepare
Begin MonoManager ReloadAssembly
Thread 0x16f877000 may have been prematurely finalized
- Loaded All Assemblies, in  0.568 seconds
Refreshing native plugins compatible for Editor in 0.54 ms, found 3 plugins.
Native extension for OSXStandalone target not found
Native extension for WebGL target not found
Mono: successfully reloaded assembly
- Finished resetting the current domain, in  0.588 seconds
Domain Reload Profiling: 1159ms
	BeginReloadAssembly (153ms)
		ExecutionOrderSort (0ms)
		DisableScriptedObjects (10ms)
		BackupInstance (0ms)
		ReleaseScriptingObjects (0ms)
		CreateAndSetChildDomain (69ms)
	RebuildCommonClasses (29ms)
	RebuildNativeTypeToScriptingClass (10ms)
	initialDomainReloadingComplete (18ms)
	LoadAllAssembliesAndSetupDomain (360ms)
		LoadAssemblies (248ms)
		RebuildTransferFunctionScriptingTraits (0ms)
		AnalyzeDomain (155ms)
			TypeCache.Refresh (11ms)
				TypeCache.ScanAssembly (0ms)
			BuildScriptInfoCaches (133ms)
			ResolveRequiredComponents (8ms)
	FinalizeReload (589ms)
		ReleaseScriptCaches (0ms)
		RebuildScriptCaches (0ms)
		SetupLoadedEditorAssemblies (437ms)
			LogAssemblyErrors (0ms)
			InitializePlatformSupportModulesInManaged (2ms)
			SetLoadedEditorAssemblies (3ms)
			BeforeProcessingInitializeOnLoad (85ms)
			ProcessInitializeOnLoadAttributes (301ms)
			ProcessInitializeOnLoadMethodAttributes (44ms)
			AfterProcessingInitializeOnLoad (1ms)
			EditorAssembliesLoaded (0ms)
		ExecutionOrderSort2 (0ms)
		AwakeInstancesAfterBackupRestoration (15ms)
Refreshing native plugins compatible for Editor in 0.50 ms, found 3 plugins.
Preloading 0 native plugins for Editor in 0.00 ms.
Unloading 14 Unused Serialized files (Serialized files now loaded: 0)
Unloading 6566 unused Assets / (3.8 MB). Loaded Objects now: 7431.
Memory consumption went from 152.5 MB to 148.8 MB.
Total: 7.213708 ms (FindLiveObjects: 0.423666 ms CreateObjectMapping: 0.346375 ms MarkObjects: 4.720583 ms  DeleteObjects: 1.721667 ms)

Prepare: number of updated asset objects reloaded= 0
========================================================================
Received Import Request.
  Time since last request: 7.576984 seconds.
  path: Assets/DeskInteraction.cs
  artifactKey: Guid(44ad8d31a97e644389be799c977c591a) Importer(815301076,1909f56bfc062723c751e8b465ee728b)
Start importing Assets/DeskInteraction.cs using Guid(44ad8d31a97e644389be799c977c591a) Importer(815301076,1909f56bfc062723c751e8b465ee728b) (PreviewImporter) -> (artifact id: '00000000000000000000000000000000') in 0.001101208 seconds
Import Error Code:(4)
Message: Build asset version error: assets/deskinteraction.cs in SourceAssetDB has modification time of '2025-04-19T07:51:15Z' while content on disk has modification time of '2025-04-19T07:51:22Z'
  ERROR: Build asset version error: assets/deskinteraction.cs in SourceAssetDB has modification time of '2025-04-19T07:51:15Z' while content on disk has modification time of '2025-04-19T07:51:22Z'
Number of updated asset objects reloaded before import = 0Number of asset objects unloaded after import = 0

========================================================================
Received Import Request.
  Time since last request: 0.084453 seconds.
  path: Assets/DeskInteraction.cs
  artifactKey: Guid(44ad8d31a97e644389be799c977c591a) Importer(815301076,1909f56bfc062723c751e8b465ee728b)
Start importing Assets/DeskInteraction.cs using Guid(44ad8d31a97e644389be799c977c591a) Importer(815301076,1909f56bfc062723c751e8b465ee728b) (PreviewImporter) -> (artifact id: '00000000000000000000000000000000') in 0.000410209 seconds
Import Error Code:(4)
Message: Build asset version error: assets/deskinteraction.cs in SourceAssetDB has modification time of '2025-04-19T07:51:15Z' while content on disk has modification time of '2025-04-19T07:51:22Z'
  ERROR: Build asset version error: assets/deskinteraction.cs in SourceAssetDB has modification time of '2025-04-19T07:51:15Z' while content on disk has modification time of '2025-04-19T07:51:22Z'
Number of updated asset objects reloaded before import = 0Number of asset objects unloaded after import = 0

========================================================================
Received Import Request.
  Time since last request: 0.181368 seconds.
  path: Assets/DeskInteraction.cs
  artifactKey: Guid(44ad8d31a97e644389be799c977c591a) Importer(815301076,1909f56bfc062723c751e8b465ee728b)
Start importing Assets/DeskInteraction.cs using Guid(44ad8d31a97e644389be799c977c591a) Importer(815301076,1909f56bfc062723c751e8b465ee728b) (PreviewImporter) -> (artifact id: '00000000000000000000000000000000') in 0.00040375 seconds
Import Error Code:(4)
Message: Build asset version error: assets/deskinteraction.cs in SourceAssetDB has modification time of '2025-04-19T07:51:15Z' while content on disk has modification time of '2025-04-19T07:51:22Z'
  ERROR: Build asset version error: assets/deskinteraction.cs in SourceAssetDB has modification time of '2025-04-19T07:51:15Z' while content on disk has modification time of '2025-04-19T07:51:22Z'
Number of updated asset objects reloaded before import = 0Number of asset objects unloaded after import = 0

========================================================================
Received Import Request.
  Time since last request: 0.075028 seconds.
  path: Assets/DeskInteraction.cs
  artifactKey: Guid(44ad8d31a97e644389be799c977c591a) Importer(815301076,1909f56bfc062723c751e8b465ee728b)
Start importing Assets/DeskInteraction.cs using Guid(44ad8d31a97e644389be799c977c591a) Importer(815301076,1909f56bfc062723c751e8b465ee728b) (PreviewImporter) -> (artifact id: '00000000000000000000000000000000') in 0.00036175 seconds
Import Error Code:(4)
Message: Build asset version error: assets/deskinteraction.cs in SourceAssetDB has modification time of '2025-04-19T07:51:15Z' while content on disk has modification time of '2025-04-19T07:51:22Z'
  ERROR: Build asset version error: assets/deskinteraction.cs in SourceAssetDB has modification time of '2025-04-19T07:51:15Z' while content on disk has modification time of '2025-04-19T07:51:22Z'
Number of updated asset objects reloaded before import = 0Number of asset objects unloaded after import = 0

========================================================================
Received Import Request.
  Time since last request: 0.180880 seconds.
  path: Assets/DeskInteraction.cs
  artifactKey: Guid(44ad8d31a97e644389be799c977c591a) Importer(815301076,1909f56bfc062723c751e8b465ee728b)
Start importing Assets/DeskInteraction.cs using Guid(44ad8d31a97e644389be799c977c591a) Importer(815301076,1909f56bfc062723c751e8b465ee728b) (PreviewImporter) -> (artifact id: '00000000000000000000000000000000') in 0.000387042 seconds
Import Error Code:(4)
Message: Build asset version error: assets/deskinteraction.cs in SourceAssetDB has modification time of '2025-04-19T07:51:15Z' while content on disk has modification time of '2025-04-19T07:51:22Z'
  ERROR: Build asset version error: assets/deskinteraction.cs in SourceAssetDB has modification time of '2025-04-19T07:51:15Z' while content on disk has modification time of '2025-04-19T07:51:22Z'
Number of updated asset objects reloaded before import = 0Number of asset objects unloaded after import = 0

========================================================================
Received Import Request.
  Time since last request: 0.172279 seconds.
  path: Assets/DeskInteraction.cs
  artifactKey: Guid(44ad8d31a97e644389be799c977c591a) Importer(815301076,1909f56bfc062723c751e8b465ee728b)
Start importing Assets/DeskInteraction.cs using Guid(44ad8d31a97e644389be799c977c591a) Importer(815301076,1909f56bfc062723c751e8b465ee728b) (PreviewImporter) -> (artifact id: '00000000000000000000000000000000') in 0.000455625 seconds
Import Error Code:(4)
Message: Build asset version error: assets/deskinteraction.cs in SourceAssetDB has modification time of '2025-04-19T07:51:15Z' while content on disk has modification time of '2025-04-19T07:51:22Z'
  ERROR: Build asset version error: assets/deskinteraction.cs in SourceAssetDB has modification time of '2025-04-19T07:51:15Z' while content on disk has modification time of '2025-04-19T07:51:22Z'
Number of updated asset objects reloaded before import = 0Number of asset objects unloaded after import = 0

========================================================================
Received Import Request.
  Time since last request: 0.065786 seconds.
  path: Assets/DeskInteraction.cs
  artifactKey: Guid(44ad8d31a97e644389be799c977c591a) Importer(815301076,1909f56bfc062723c751e8b465ee728b)
Start importing Assets/DeskInteraction.cs using Guid(44ad8d31a97e644389be799c977c591a) Importer(815301076,1909f56bfc062723c751e8b465ee728b) (PreviewImporter) -> (artifact id: '00000000000000000000000000000000') in 0.000363833 seconds
Import Error Code:(4)
Message: Build asset version error: assets/deskinteraction.cs in SourceAssetDB has modification time of '2025-04-19T07:51:15Z' while content on disk has modification time of '2025-04-19T07:51:22Z'
  ERROR: Build asset version error: assets/deskinteraction.cs in SourceAssetDB has modification time of '2025-04-19T07:51:15Z' while content on disk has modification time of '2025-04-19T07:51:22Z'
Number of updated asset objects reloaded before import = 0Number of asset objects unloaded after import = 0

========================================================================
Received Import Request.
  Time since last request: 0.076482 seconds.
  path: Assets/DeskInteraction.cs
  artifactKey: Guid(44ad8d31a97e644389be799c977c591a) Importer(815301076,1909f56bfc062723c751e8b465ee728b)
Start importing Assets/DeskInteraction.cs using Guid(44ad8d31a97e644389be799c977c591a) Importer(815301076,1909f56bfc062723c751e8b465ee728b) (PreviewImporter) -> (artifact id: '00000000000000000000000000000000') in 0.000331459 seconds
Import Error Code:(4)
Message: Build asset version error: assets/deskinteraction.cs in SourceAssetDB has modification time of '2025-04-19T07:51:15Z' while content on disk has modification time of '2025-04-19T07:51:22Z'
  ERROR: Build asset version error: assets/deskinteraction.cs in SourceAssetDB has modification time of '2025-04-19T07:51:15Z' while content on disk has modification time of '2025-04-19T07:51:22Z'
Number of updated asset objects reloaded before import = 0Number of asset objects unloaded after import = 0

========================================================================
Received Import Request.
  Time since last request: 0.185238 seconds.
  path: Assets/DeskInteraction.cs
  artifactKey: Guid(44ad8d31a97e644389be799c977c591a) Importer(815301076,1909f56bfc062723c751e8b465ee728b)
Start importing Assets/DeskInteraction.cs using Guid(44ad8d31a97e644389be799c977c591a) Importer(815301076,1909f56bfc062723c751e8b465ee728b) (PreviewImporter) -> (artifact id: '00000000000000000000000000000000') in 0.0005055 seconds
Import Error Code:(4)
Message: Build asset version error: assets/deskinteraction.cs in SourceAssetDB has modification time of '2025-04-19T07:51:15Z' while content on disk has modification time of '2025-04-19T07:51:22Z'
  ERROR: Build asset version error: assets/deskinteraction.cs in SourceAssetDB has modification time of '2025-04-19T07:51:15Z' while content on disk has modification time of '2025-04-19T07:51:22Z'
Number of updated asset objects reloaded before import = 0Number of asset objects unloaded after import = 0

========================================================================
Received Import Request.
  Time since last request: 0.063212 seconds.
  path: Assets/DeskInteraction.cs
  artifactKey: Guid(44ad8d31a97e644389be799c977c591a) Importer(815301076,1909f56bfc062723c751e8b465ee728b)
Start importing Assets/DeskInteraction.cs using Guid(44ad8d31a97e644389be799c977c591a) Importer(815301076,1909f56bfc062723c751e8b465ee728b) (PreviewImporter) -> (artifact id: '00000000000000000000000000000000') in 0.000360292 seconds
Import Error Code:(4)
Message: Build asset version error: assets/deskinteraction.cs in SourceAssetDB has modification time of '2025-04-19T07:51:15Z' while content on disk has modification time of '2025-04-19T07:51:22Z'
  ERROR: Build asset version error: assets/deskinteraction.cs in SourceAssetDB has modification time of '2025-04-19T07:51:15Z' while content on disk has modification time of '2025-04-19T07:51:22Z'
Number of updated asset objects reloaded before import = 0Number of asset objects unloaded after import = 0

========================================================================
Received Import Request.
  Time since last request: 0.184075 seconds.
  path: Assets/DeskInteraction.cs
  artifactKey: Guid(44ad8d31a97e644389be799c977c591a) Importer(815301076,1909f56bfc062723c751e8b465ee728b)
Start importing Assets/DeskInteraction.cs using Guid(44ad8d31a97e644389be799c977c591a) Importer(815301076,1909f56bfc062723c751e8b465ee728b) (PreviewImporter) -> (artifact id: '00000000000000000000000000000000') in 0.000431708 seconds
Import Error Code:(4)
Message: Build asset version error: assets/deskinteraction.cs in SourceAssetDB has modification time of '2025-04-19T07:51:15Z' while content on disk has modification time of '2025-04-19T07:51:22Z'
  ERROR: Build asset version error: assets/deskinteraction.cs in SourceAssetDB has modification time of '2025-04-19T07:51:15Z' while content on disk has modification time of '2025-04-19T07:51:22Z'
Number of updated asset objects reloaded before import = 0Number of asset objects unloaded after import = 0

========================================================================
Received Import Request.
  Time since last request: 0.062235 seconds.
  path: Assets/DeskInteraction.cs
  artifactKey: Guid(44ad8d31a97e644389be799c977c591a) Importer(815301076,1909f56bfc062723c751e8b465ee728b)
Start importing Assets/DeskInteraction.cs using Guid(44ad8d31a97e644389be799c977c591a) Importer(815301076,1909f56bfc062723c751e8b465ee728b) (PreviewImporter) -> (artifact id: '00000000000000000000000000000000') in 0.000359125 seconds
Import Error Code:(4)
Message: Build asset version error: assets/deskinteraction.cs in SourceAssetDB has modification time of '2025-04-19T07:51:15Z' while content on disk has modification time of '2025-04-19T07:51:22Z'
  ERROR: Build asset version error: assets/deskinteraction.cs in SourceAssetDB has modification time of '2025-04-19T07:51:15Z' while content on disk has modification time of '2025-04-19T07:51:22Z'
Number of updated asset objects reloaded before import = 0Number of asset objects unloaded after import = 0

========================================================================
Received Import Request.
  Time since last request: 0.080518 seconds.
  path: Assets/DeskInteraction.cs
  artifactKey: Guid(44ad8d31a97e644389be799c977c591a) Importer(815301076,1909f56bfc062723c751e8b465ee728b)
Start importing Assets/DeskInteraction.cs using Guid(44ad8d31a97e644389be799c977c591a) Importer(815301076,1909f56bfc062723c751e8b465ee728b) (PreviewImporter) -> (artifact id: '00000000000000000000000000000000') in 0.000292583 seconds
Import Error Code:(4)
Message: Build asset version error: assets/deskinteraction.cs in SourceAssetDB has modification time of '2025-04-19T07:51:15Z' while content on disk has modification time of '2025-04-19T07:51:22Z'
  ERROR: Build asset version error: assets/deskinteraction.cs in SourceAssetDB has modification time of '2025-04-19T07:51:15Z' while content on disk has modification time of '2025-04-19T07:51:22Z'
Number of updated asset objects reloaded before import = 0Number of asset objects unloaded after import = 0

========================================================================
Received Import Request.
  Time since last request: 0.079223 seconds.
  path: Assets/DeskInteraction.cs
  artifactKey: Guid(44ad8d31a97e644389be799c977c591a) Importer(815301076,1909f56bfc062723c751e8b465ee728b)
Start importing Assets/DeskInteraction.cs using Guid(44ad8d31a97e644389be799c977c591a) Importer(815301076,1909f56bfc062723c751e8b465ee728b) (PreviewImporter) -> (artifact id: '00000000000000000000000000000000') in 0.000323916 seconds
Import Error Code:(4)
Message: Build asset version error: assets/deskinteraction.cs in SourceAssetDB has modification time of '2025-04-19T07:51:15Z' while content on disk has modification time of '2025-04-19T07:51:22Z'
  ERROR: Build asset version error: assets/deskinteraction.cs in SourceAssetDB has modification time of '2025-04-19T07:51:15Z' while content on disk has modification time of '2025-04-19T07:51:22Z'
Number of updated asset objects reloaded before import = 0Number of asset objects unloaded after import = 0

========================================================================
Received Import Request.
  Time since last request: 0.185485 seconds.
  path: Assets/DeskInteraction.cs
  artifactKey: Guid(44ad8d31a97e644389be799c977c591a) Importer(815301076,1909f56bfc062723c751e8b465ee728b)
Start importing Assets/DeskInteraction.cs using Guid(44ad8d31a97e644389be799c977c591a) Importer(815301076,1909f56bfc062723c751e8b465ee728b) (PreviewImporter) -> (artifact id: '00000000000000000000000000000000') in 0.000451083 seconds
Import Error Code:(4)
Message: Build asset version error: assets/deskinteraction.cs in SourceAssetDB has modification time of '2025-04-19T07:51:15Z' while content on disk has modification time of '2025-04-19T07:51:22Z'
  ERROR: Build asset version error: assets/deskinteraction.cs in SourceAssetDB has modification time of '2025-04-19T07:51:15Z' while content on disk has modification time of '2025-04-19T07:51:22Z'
Number of updated asset objects reloaded before import = 0Number of asset objects unloaded after import = 0

========================================================================
Received Import Request.
  Time since last request: 0.069306 seconds.
  path: Assets/DeskInteraction.cs
  artifactKey: Guid(44ad8d31a97e644389be799c977c591a) Importer(815301076,1909f56bfc062723c751e8b465ee728b)
Start importing Assets/DeskInteraction.cs using Guid(44ad8d31a97e644389be799c977c591a) Importer(815301076,1909f56bfc062723c751e8b465ee728b) (PreviewImporter) -> (artifact id: '00000000000000000000000000000000') in 0.000360041 seconds
Import Error Code:(4)
Message: Build asset version error: assets/deskinteraction.cs in SourceAssetDB has modification time of '2025-04-19T07:51:15Z' while content on disk has modification time of '2025-04-19T07:51:22Z'
  ERROR: Build asset version error: assets/deskinteraction.cs in SourceAssetDB has modification time of '2025-04-19T07:51:15Z' while content on disk has modification time of '2025-04-19T07:51:22Z'
Number of updated asset objects reloaded before import = 0Number of asset objects unloaded after import = 0

========================================================================
Received Import Request.
  Time since last request: 0.076935 seconds.
  path: Assets/DeskInteraction.cs
  artifactKey: Guid(44ad8d31a97e644389be799c977c591a) Importer(815301076,1909f56bfc062723c751e8b465ee728b)
Start importing Assets/DeskInteraction.cs using Guid(44ad8d31a97e644389be799c977c591a) Importer(815301076,1909f56bfc062723c751e8b465ee728b) (PreviewImporter) -> (artifact id: '00000000000000000000000000000000') in 0.000317458 seconds
Import Error Code:(4)
Message: Build asset version error: assets/deskinteraction.cs in SourceAssetDB has modification time of '2025-04-19T07:51:15Z' while content on disk has modification time of '2025-04-19T07:51:22Z'
  ERROR: Build asset version error: assets/deskinteraction.cs in SourceAssetDB has modification time of '2025-04-19T07:51:15Z' while content on disk has modification time of '2025-04-19T07:51:22Z'
Number of updated asset objects reloaded before import = 0Number of asset objects unloaded after import = 0

========================================================================
Received Import Request.
  Time since last request: 0.187201 seconds.
  path: Assets/DeskInteraction.cs
  artifactKey: Guid(44ad8d31a97e644389be799c977c591a) Importer(815301076,1909f56bfc062723c751e8b465ee728b)
Start importing Assets/DeskInteraction.cs using Guid(44ad8d31a97e644389be799c977c591a) Importer(815301076,1909f56bfc062723c751e8b465ee728b) (PreviewImporter) -> (artifact id: '00000000000000000000000000000000') in 0.00040275 seconds
Import Error Code:(4)
Message: Build asset version error: assets/deskinteraction.cs in SourceAssetDB has modification time of '2025-04-19T07:51:15Z' while content on disk has modification time of '2025-04-19T07:51:22Z'
  ERROR: Build asset version error: assets/deskinteraction.cs in SourceAssetDB has modification time of '2025-04-19T07:51:15Z' while content on disk has modification time of '2025-04-19T07:51:22Z'
Number of updated asset objects reloaded before import = 0Number of asset objects unloaded after import = 0

========================================================================
Received Import Request.
  Time since last request: 0.064809 seconds.
  path: Assets/DeskInteraction.cs
  artifactKey: Guid(44ad8d31a97e644389be799c977c591a) Importer(815301076,1909f56bfc062723c751e8b465ee728b)
Start importing Assets/DeskInteraction.cs using Guid(44ad8d31a97e644389be799c977c591a) Importer(815301076,1909f56bfc062723c751e8b465ee728b) (PreviewImporter) -> (artifact id: '00000000000000000000000000000000') in 0.000340583 seconds
Import Error Code:(4)
Message: Build asset version error: assets/deskinteraction.cs in SourceAssetDB has modification time of '2025-04-19T07:51:15Z' while content on disk has modification time of '2025-04-19T07:51:22Z'
  ERROR: Build asset version error: assets/deskinteraction.cs in SourceAssetDB has modification time of '2025-04-19T07:51:15Z' while content on disk has modification time of '2025-04-19T07:51:22Z'
Number of updated asset objects reloaded before import = 0Number of asset objects unloaded after import = 0

========================================================================
Received Import Request.
  Time since last request: 0.182778 seconds.
  path: Assets/DeskInteraction.cs
  artifactKey: Guid(44ad8d31a97e644389be799c977c591a) Importer(815301076,1909f56bfc062723c751e8b465ee728b)
Start importing Assets/DeskInteraction.cs using Guid(44ad8d31a97e644389be799c977c591a) Importer(815301076,1909f56bfc062723c751e8b465ee728b) (PreviewImporter) -> (artifact id: '00000000000000000000000000000000') in 0.000411917 seconds
Import Error Code:(4)
Message: Build asset version error: assets/deskinteraction.cs in SourceAssetDB has modification time of '2025-04-19T07:51:15Z' while content on disk has modification time of '2025-04-19T07:51:22Z'
  ERROR: Build asset version error: assets/deskinteraction.cs in SourceAssetDB has modification time of '2025-04-19T07:51:15Z' while content on disk has modification time of '2025-04-19T07:51:22Z'
Number of updated asset objects reloaded before import = 0Number of asset objects unloaded after import = 0

========================================================================
Received Import Request.
  Time since last request: 0.068323 seconds.
  path: Assets/DeskInteraction.cs
  artifactKey: Guid(44ad8d31a97e644389be799c977c591a) Importer(815301076,1909f56bfc062723c751e8b465ee728b)
Start importing Assets/DeskInteraction.cs using Guid(44ad8d31a97e644389be799c977c591a) Importer(815301076,1909f56bfc062723c751e8b465ee728b) (PreviewImporter) -> (artifact id: '00000000000000000000000000000000') in 0.000348334 seconds
Import Error Code:(4)
Message: Build asset version error: assets/deskinteraction.cs in SourceAssetDB has modification time of '2025-04-19T07:51:15Z' while content on disk has modification time of '2025-04-19T07:51:22Z'
  ERROR: Build asset version error: assets/deskinteraction.cs in SourceAssetDB has modification time of '2025-04-19T07:51:15Z' while content on disk has modification time of '2025-04-19T07:51:22Z'
Number of updated asset objects reloaded before import = 0Number of asset objects unloaded after import = 0

========================================================================
Received Import Request.
  Time since last request: 0.076969 seconds.
  path: Assets/DeskInteraction.cs
  artifactKey: Guid(44ad8d31a97e644389be799c977c591a) Importer(815301076,1909f56bfc062723c751e8b465ee728b)
Start importing Assets/DeskInteraction.cs using Guid(44ad8d31a97e644389be799c977c591a) Importer(815301076,1909f56bfc062723c751e8b465ee728b) (PreviewImporter) -> (artifact id: '00000000000000000000000000000000') in 0.000363708 seconds
Import Error Code:(4)
Message: Build asset version error: assets/deskinteraction.cs in SourceAssetDB has modification time of '2025-04-19T07:51:15Z' while content on disk has modification time of '2025-04-19T07:51:22Z'
  ERROR: Build asset version error: assets/deskinteraction.cs in SourceAssetDB has modification time of '2025-04-19T07:51:15Z' while content on disk has modification time of '2025-04-19T07:51:22Z'
Number of updated asset objects reloaded before import = 0Number of asset objects unloaded after import = 0

========================================================================
Received Import Request.
  Time since last request: 0.077670 seconds.
  path: Assets/DeskInteraction.cs
  artifactKey: Guid(44ad8d31a97e644389be799c977c591a) Importer(815301076,1909f56bfc062723c751e8b465ee728b)
Start importing Assets/DeskInteraction.cs using Guid(44ad8d31a97e644389be799c977c591a) Importer(815301076,1909f56bfc062723c751e8b465ee728b) (PreviewImporter) -> (artifact id: '00000000000000000000000000000000') in 0.000359958 seconds
Import Error Code:(4)
Message: Build asset version error: assets/deskinteraction.cs in SourceAssetDB has modification time of '2025-04-19T07:51:15Z' while content on disk has modification time of '2025-04-19T07:51:22Z'
  ERROR: Build asset version error: assets/deskinteraction.cs in SourceAssetDB has modification time of '2025-04-19T07:51:15Z' while content on disk has modification time of '2025-04-19T07:51:22Z'
Number of updated asset objects reloaded before import = 0Number of asset objects unloaded after import = 0

========================================================================
Received Import Request.
  Time since last request: 0.185872 seconds.
  path: Assets/DeskInteraction.cs
  artifactKey: Guid(44ad8d31a97e644389be799c977c591a) Importer(815301076,1909f56bfc062723c751e8b465ee728b)
Start importing Assets/DeskInteraction.cs using Guid(44ad8d31a97e644389be799c977c591a) Importer(815301076,1909f56bfc062723c751e8b465ee728b) (PreviewImporter) -> (artifact id: '00000000000000000000000000000000') in 0.00043875 seconds
Import Error Code:(4)
Message: Build asset version error: assets/deskinteraction.cs in SourceAssetDB has modification time of '2025-04-19T07:51:15Z' while content on disk has modification time of '2025-04-19T07:51:22Z'
  ERROR: Build asset version error: assets/deskinteraction.cs in SourceAssetDB has modification time of '2025-04-19T07:51:15Z' while content on disk has modification time of '2025-04-19T07:51:22Z'
Number of updated asset objects reloaded before import = 0Number of asset objects unloaded after import = 0

========================================================================
Received Import Request.
  Time since last request: 0.065516 seconds.
  path: Assets/DeskInteraction.cs
  artifactKey: Guid(44ad8d31a97e644389be799c977c591a) Importer(815301076,1909f56bfc062723c751e8b465ee728b)
Start importing Assets/DeskInteraction.cs using Guid(44ad8d31a97e644389be799c977c591a) Importer(815301076,1909f56bfc062723c751e8b465ee728b) (PreviewImporter) -> (artifact id: '00000000000000000000000000000000') in 0.000349708 seconds
Import Error Code:(4)
Message: Build asset version error: assets/deskinteraction.cs in SourceAssetDB has modification time of '2025-04-19T07:51:15Z' while content on disk has modification time of '2025-04-19T07:51:22Z'
  ERROR: Build asset version error: assets/deskinteraction.cs in SourceAssetDB has modification time of '2025-04-19T07:51:15Z' while content on disk has modification time of '2025-04-19T07:51:22Z'
Number of updated asset objects reloaded before import = 0Number of asset objects unloaded after import = 0

========================================================================
Received Import Request.
  Time since last request: 0.075591 seconds.
  path: Assets/DeskInteraction.cs
  artifactKey: Guid(44ad8d31a97e644389be799c977c591a) Importer(815301076,1909f56bfc062723c751e8b465ee728b)
Start importing Assets/DeskInteraction.cs using Guid(44ad8d31a97e644389be799c977c591a) Importer(815301076,1909f56bfc062723c751e8b465ee728b) (PreviewImporter) -> (artifact id: '00000000000000000000000000000000') in 0.000393792 seconds
Import Error Code:(4)
Message: Build asset version error: assets/deskinteraction.cs in SourceAssetDB has modification time of '2025-04-19T07:51:15Z' while content on disk has modification time of '2025-04-19T07:51:22Z'
  ERROR: Build asset version error: assets/deskinteraction.cs in SourceAssetDB has modification time of '2025-04-19T07:51:15Z' while content on disk has modification time of '2025-04-19T07:51:22Z'
Number of updated asset objects reloaded before import = 0Number of asset objects unloaded after import = 0

========================================================================
Received Import Request.
  Time since last request: 0.077031 seconds.
  path: Assets/DeskInteraction.cs
  artifactKey: Guid(44ad8d31a97e644389be799c977c591a) Importer(815301076,1909f56bfc062723c751e8b465ee728b)
Start importing Assets/DeskInteraction.cs using Guid(44ad8d31a97e644389be799c977c591a) Importer(815301076,1909f56bfc062723c751e8b465ee728b) (PreviewImporter) -> (artifact id: '00000000000000000000000000000000') in 0.000349125 seconds
Import Error Code:(4)
Message: Build asset version error: assets/deskinteraction.cs in SourceAssetDB has modification time of '2025-04-19T07:51:15Z' while content on disk has modification time of '2025-04-19T07:51:22Z'
  ERROR: Build asset version error: assets/deskinteraction.cs in SourceAssetDB has modification time of '2025-04-19T07:51:15Z' while content on disk has modification time of '2025-04-19T07:51:22Z'
Number of updated asset objects reloaded before import = 0Number of asset objects unloaded after import = 0

========================================================================
Received Import Request.
  Time since last request: 0.186457 seconds.
  path: Assets/DeskInteraction.cs
  artifactKey: Guid(44ad8d31a97e644389be799c977c591a) Importer(815301076,1909f56bfc062723c751e8b465ee728b)
Start importing Assets/DeskInteraction.cs using Guid(44ad8d31a97e644389be799c977c591a) Importer(815301076,1909f56bfc062723c751e8b465ee728b) (PreviewImporter) -> (artifact id: '00000000000000000000000000000000') in 0.000564125 seconds
Import Error Code:(4)
Message: Build asset version error: assets/deskinteraction.cs in SourceAssetDB has modification time of '2025-04-19T07:51:15Z' while content on disk has modification time of '2025-04-19T07:51:22Z'
  ERROR: Build asset version error: assets/deskinteraction.cs in SourceAssetDB has modification time of '2025-04-19T07:51:15Z' while content on disk has modification time of '2025-04-19T07:51:22Z'
Number of updated asset objects reloaded before import = 0Number of asset objects unloaded after import = 0

========================================================================
Received Import Request.
  Time since last request: 0.170556 seconds.
  path: Assets/DeskInteraction.cs
  artifactKey: Guid(44ad8d31a97e644389be799c977c591a) Importer(815301076,1909f56bfc062723c751e8b465ee728b)
Start importing Assets/DeskInteraction.cs using Guid(44ad8d31a97e644389be799c977c591a) Importer(815301076,1909f56bfc062723c751e8b465ee728b) (PreviewImporter) -> (artifact id: '00000000000000000000000000000000') in 0.000424375 seconds
Import Error Code:(4)
Message: Build asset version error: assets/deskinteraction.cs in SourceAssetDB has modification time of '2025-04-19T07:51:15Z' while content on disk has modification time of '2025-04-19T07:51:22Z'
  ERROR: Build asset version error: assets/deskinteraction.cs in SourceAssetDB has modification time of '2025-04-19T07:51:15Z' while content on disk has modification time of '2025-04-19T07:51:22Z'
Number of updated asset objects reloaded before import = 0Number of asset objects unloaded after import = 0

========================================================================
Received Import Request.
  Time since last request: 0.171738 seconds.
  path: Assets/DeskInteraction.cs
  artifactKey: Guid(44ad8d31a97e644389be799c977c591a) Importer(815301076,1909f56bfc062723c751e8b465ee728b)
Start importing Assets/DeskInteraction.cs using Guid(44ad8d31a97e644389be799c977c591a) Importer(815301076,1909f56bfc062723c751e8b465ee728b) (PreviewImporter) -> (artifact id: '00000000000000000000000000000000') in 0.000386709 seconds
Import Error Code:(4)
Message: Build asset version error: assets/deskinteraction.cs in SourceAssetDB has modification time of '2025-04-19T07:51:15Z' while content on disk has modification time of '2025-04-19T07:51:22Z'
  ERROR: Build asset version error: assets/deskinteraction.cs in SourceAssetDB has modification time of '2025-04-19T07:51:15Z' while content on disk has modification time of '2025-04-19T07:51:22Z'
Number of updated asset objects reloaded before import = 0Number of asset objects unloaded after import = 0

========================================================================
Received Import Request.
  Time since last request: 0.067341 seconds.
  path: Assets/DeskInteraction.cs
  artifactKey: Guid(44ad8d31a97e644389be799c977c591a) Importer(815301076,1909f56bfc062723c751e8b465ee728b)
Start importing Assets/DeskInteraction.cs using Guid(44ad8d31a97e644389be799c977c591a) Importer(815301076,1909f56bfc062723c751e8b465ee728b) (PreviewImporter) -> (artifact id: '00000000000000000000000000000000') in 0.000375791 seconds
Import Error Code:(4)
Message: Build asset version error: assets/deskinteraction.cs in SourceAssetDB has modification time of '2025-04-19T07:51:15Z' while content on disk has modification time of '2025-04-19T07:51:22Z'
  ERROR: Build asset version error: assets/deskinteraction.cs in SourceAssetDB has modification time of '2025-04-19T07:51:15Z' while content on disk has modification time of '2025-04-19T07:51:22Z'
Number of updated asset objects reloaded before import = 0Number of asset objects unloaded after import = 0

========================================================================
Received Import Request.
  Time since last request: 0.074567 seconds.
  path: Assets/DeskInteraction.cs
  artifactKey: Guid(44ad8d31a97e644389be799c977c591a) Importer(815301076,1909f56bfc062723c751e8b465ee728b)
Start importing Assets/DeskInteraction.cs using Guid(44ad8d31a97e644389be799c977c591a) Importer(815301076,1909f56bfc062723c751e8b465ee728b) (PreviewImporter) -> (artifact id: '00000000000000000000000000000000') in 0.000331125 seconds
Import Error Code:(4)
Message: Build asset version error: assets/deskinteraction.cs in SourceAssetDB has modification time of '2025-04-19T07:51:15Z' while content on disk has modification time of '2025-04-19T07:51:22Z'
  ERROR: Build asset version error: assets/deskinteraction.cs in SourceAssetDB has modification time of '2025-04-19T07:51:15Z' while content on disk has modification time of '2025-04-19T07:51:22Z'
Number of updated asset objects reloaded before import = 0Number of asset objects unloaded after import = 0

========================================================================
Received Import Request.
  Time since last request: 0.078714 seconds.
  path: Assets/DeskInteraction.cs
  artifactKey: Guid(44ad8d31a97e644389be799c977c591a) Importer(815301076,1909f56bfc062723c751e8b465ee728b)
Start importing Assets/DeskInteraction.cs using Guid(44ad8d31a97e644389be799c977c591a) Importer(815301076,1909f56bfc062723c751e8b465ee728b) (PreviewImporter) -> (artifact id: '00000000000000000000000000000000') in 0.000348542 seconds
Import Error Code:(4)
Message: Build asset version error: assets/deskinteraction.cs in SourceAssetDB has modification time of '2025-04-19T07:51:15Z' while content on disk has modification time of '2025-04-19T07:51:22Z'
  ERROR: Build asset version error: assets/deskinteraction.cs in SourceAssetDB has modification time of '2025-04-19T07:51:15Z' while content on disk has modification time of '2025-04-19T07:51:22Z'
Number of updated asset objects reloaded before import = 0Number of asset objects unloaded after import = 0

========================================================================
Received Import Request.
  Time since last request: 0.186920 seconds.
  path: Assets/DeskInteraction.cs
  artifactKey: Guid(44ad8d31a97e644389be799c977c591a) Importer(815301076,1909f56bfc062723c751e8b465ee728b)
Start importing Assets/DeskInteraction.cs using Guid(44ad8d31a97e644389be799c977c591a) Importer(815301076,1909f56bfc062723c751e8b465ee728b) (PreviewImporter) -> (artifact id: '00000000000000000000000000000000') in 0.000393791 seconds
Import Error Code:(4)
Message: Build asset version error: assets/deskinteraction.cs in SourceAssetDB has modification time of '2025-04-19T07:51:15Z' while content on disk has modification time of '2025-04-19T07:51:22Z'
  ERROR: Build asset version error: assets/deskinteraction.cs in SourceAssetDB has modification time of '2025-04-19T07:51:15Z' while content on disk has modification time of '2025-04-19T07:51:22Z'
Number of updated asset objects reloaded before import = 0Number of asset objects unloaded after import = 0

========================================================================
Received Import Request.
  Time since last request: 0.065813 seconds.
  path: Assets/DeskInteraction.cs
  artifactKey: Guid(44ad8d31a97e644389be799c977c591a) Importer(815301076,1909f56bfc062723c751e8b465ee728b)
Start importing Assets/DeskInteraction.cs using Guid(44ad8d31a97e644389be799c977c591a) Importer(815301076,1909f56bfc062723c751e8b465ee728b) (PreviewImporter) -> (artifact id: '00000000000000000000000000000000') in 0.000355875 seconds
Import Error Code:(4)
Message: Build asset version error: assets/deskinteraction.cs in SourceAssetDB has modification time of '2025-04-19T07:51:15Z' while content on disk has modification time of '2025-04-19T07:51:22Z'
  ERROR: Build asset version error: assets/deskinteraction.cs in SourceAssetDB has modification time of '2025-04-19T07:51:15Z' while content on disk has modification time of '2025-04-19T07:51:22Z'
Number of updated asset objects reloaded before import = 0Number of asset objects unloaded after import = 0

========================================================================
Received Import Request.
  Time since last request: 0.182364 seconds.
  path: Assets/DeskInteraction.cs
  artifactKey: Guid(44ad8d31a97e644389be799c977c591a) Importer(815301076,1909f56bfc062723c751e8b465ee728b)
Start importing Assets/DeskInteraction.cs using Guid(44ad8d31a97e644389be799c977c591a) Importer(815301076,1909f56bfc062723c751e8b465ee728b) (PreviewImporter) -> (artifact id: '00000000000000000000000000000000') in 0.000449333 seconds
Import Error Code:(4)
Message: Build asset version error: assets/deskinteraction.cs in SourceAssetDB has modification time of '2025-04-19T07:51:15Z' while content on disk has modification time of '2025-04-19T07:51:22Z'
  ERROR: Build asset version error: assets/deskinteraction.cs in SourceAssetDB has modification time of '2025-04-19T07:51:15Z' while content on disk has modification time of '2025-04-19T07:51:22Z'
Number of updated asset objects reloaded before import = 0Number of asset objects unloaded after import = 0

========================================================================
Received Import Request.
  Time since last request: 0.064728 seconds.
  path: Assets/DeskInteraction.cs
  artifactKey: Guid(44ad8d31a97e644389be799c977c591a) Importer(815301076,1909f56bfc062723c751e8b465ee728b)
Start importing Assets/DeskInteraction.cs using Guid(44ad8d31a97e644389be799c977c591a) Importer(815301076,1909f56bfc062723c751e8b465ee728b) (PreviewImporter) -> (artifact id: '00000000000000000000000000000000') in 0.000346042 seconds
Import Error Code:(4)
Message: Build asset version error: assets/deskinteraction.cs in SourceAssetDB has modification time of '2025-04-19T07:51:15Z' while content on disk has modification time of '2025-04-19T07:51:22Z'
  ERROR: Build asset version error: assets/deskinteraction.cs in SourceAssetDB has modification time of '2025-04-19T07:51:15Z' while content on disk has modification time of '2025-04-19T07:51:22Z'
Number of updated asset objects reloaded before import = 0Number of asset objects unloaded after import = 0

========================================================================
Received Import Request.
  Time since last request: 0.183945 seconds.
  path: Assets/DeskInteraction.cs
  artifactKey: Guid(44ad8d31a97e644389be799c977c591a) Importer(815301076,1909f56bfc062723c751e8b465ee728b)
Start importing Assets/DeskInteraction.cs using Guid(44ad8d31a97e644389be799c977c591a) Importer(815301076,1909f56bfc062723c751e8b465ee728b) (PreviewImporter) -> (artifact id: '00000000000000000000000000000000') in 0.000418542 seconds
Import Error Code:(4)
Message: Build asset version error: assets/deskinteraction.cs in SourceAssetDB has modification time of '2025-04-19T07:51:15Z' while content on disk has modification time of '2025-04-19T07:51:22Z'
  ERROR: Build asset version error: assets/deskinteraction.cs in SourceAssetDB has modification time of '2025-04-19T07:51:15Z' while content on disk has modification time of '2025-04-19T07:51:22Z'
Number of updated asset objects reloaded before import = 0Number of asset objects unloaded after import = 0

========================================================================
Received Import Request.
  Time since last request: 0.174281 seconds.
  path: Assets/DeskInteraction.cs
  artifactKey: Guid(44ad8d31a97e644389be799c977c591a) Importer(815301076,1909f56bfc062723c751e8b465ee728b)
Start importing Assets/DeskInteraction.cs using Guid(44ad8d31a97e644389be799c977c591a) Importer(815301076,1909f56bfc062723c751e8b465ee728b) (PreviewImporter) -> (artifact id: '00000000000000000000000000000000') in 0.000434084 seconds
Import Error Code:(4)
Message: Build asset version error: assets/deskinteraction.cs in SourceAssetDB has modification time of '2025-04-19T07:51:15Z' while content on disk has modification time of '2025-04-19T07:51:22Z'
  ERROR: Build asset version error: assets/deskinteraction.cs in SourceAssetDB has modification time of '2025-04-19T07:51:15Z' while content on disk has modification time of '2025-04-19T07:51:22Z'
Number of updated asset objects reloaded before import = 0Number of asset objects unloaded after import = 0

========================================================================
Received Import Request.
  Time since last request: 0.065322 seconds.
  path: Assets/DeskInteraction.cs
  artifactKey: Guid(44ad8d31a97e644389be799c977c591a) Importer(815301076,1909f56bfc062723c751e8b465ee728b)
Start importing Assets/DeskInteraction.cs using Guid(44ad8d31a97e644389be799c977c591a) Importer(815301076,1909f56bfc062723c751e8b465ee728b) (PreviewImporter) -> (artifact id: '00000000000000000000000000000000') in 0.000341209 seconds
Import Error Code:(4)
Message: Build asset version error: assets/deskinteraction.cs in SourceAssetDB has modification time of '2025-04-19T07:51:15Z' while content on disk has modification time of '2025-04-19T07:51:22Z'
  ERROR: Build asset version error: assets/deskinteraction.cs in SourceAssetDB has modification time of '2025-04-19T07:51:15Z' while content on disk has modification time of '2025-04-19T07:51:22Z'
Number of updated asset objects reloaded before import = 0Number of asset objects unloaded after import = 0

========================================================================
Received Import Request.
  Time since last request: 0.076171 seconds.
  path: Assets/DeskInteraction.cs
  artifactKey: Guid(44ad8d31a97e644389be799c977c591a) Importer(815301076,1909f56bfc062723c751e8b465ee728b)
Start importing Assets/DeskInteraction.cs using Guid(44ad8d31a97e644389be799c977c591a) Importer(815301076,1909f56bfc062723c751e8b465ee728b) (PreviewImporter) -> (artifact id: '00000000000000000000000000000000') in 0.000367291 seconds
Import Error Code:(4)
Message: Build asset version error: assets/deskinteraction.cs in SourceAssetDB has modification time of '2025-04-19T07:51:15Z' while content on disk has modification time of '2025-04-19T07:51:22Z'
  ERROR: Build asset version error: assets/deskinteraction.cs in SourceAssetDB has modification time of '2025-04-19T07:51:15Z' while content on disk has modification time of '2025-04-19T07:51:22Z'
Number of updated asset objects reloaded before import = 0Number of asset objects unloaded after import = 0

========================================================================
Received Import Request.
  Time since last request: 0.185676 seconds.
  path: Assets/DeskInteraction.cs
  artifactKey: Guid(44ad8d31a97e644389be799c977c591a) Importer(815301076,1909f56bfc062723c751e8b465ee728b)
Start importing Assets/DeskInteraction.cs using Guid(44ad8d31a97e644389be799c977c591a) Importer(815301076,1909f56bfc062723c751e8b465ee728b) (PreviewImporter) -> (artifact id: '00000000000000000000000000000000') in 0.00038575 seconds
Import Error Code:(4)
Message: Build asset version error: assets/deskinteraction.cs in SourceAssetDB has modification time of '2025-04-19T07:51:15Z' while content on disk has modification time of '2025-04-19T07:51:22Z'
  ERROR: Build asset version error: assets/deskinteraction.cs in SourceAssetDB has modification time of '2025-04-19T07:51:15Z' while content on disk has modification time of '2025-04-19T07:51:22Z'
Number of updated asset objects reloaded before import = 0Number of asset objects unloaded after import = 0

========================================================================
Received Import Request.
  Time since last request: 0.172581 seconds.
  path: Assets/DeskInteraction.cs
  artifactKey: Guid(44ad8d31a97e644389be799c977c591a) Importer(815301076,1909f56bfc062723c751e8b465ee728b)
Start importing Assets/DeskInteraction.cs using Guid(44ad8d31a97e644389be799c977c591a) Importer(815301076,1909f56bfc062723c751e8b465ee728b) (PreviewImporter) -> (artifact id: '00000000000000000000000000000000') in 0.000438084 seconds
Import Error Code:(4)
Message: Build asset version error: assets/deskinteraction.cs in SourceAssetDB has modification time of '2025-04-19T07:51:15Z' while content on disk has modification time of '2025-04-19T07:51:22Z'
  ERROR: Build asset version error: assets/deskinteraction.cs in SourceAssetDB has modification time of '2025-04-19T07:51:15Z' while content on disk has modification time of '2025-04-19T07:51:22Z'
Number of updated asset objects reloaded before import = 0Number of asset objects unloaded after import = 0

========================================================================
Received Import Request.
  Time since last request: 0.176725 seconds.
  path: Assets/DeskInteraction.cs
  artifactKey: Guid(44ad8d31a97e644389be799c977c591a) Importer(815301076,1909f56bfc062723c751e8b465ee728b)
Start importing Assets/DeskInteraction.cs using Guid(44ad8d31a97e644389be799c977c591a) Importer(815301076,1909f56bfc062723c751e8b465ee728b) (PreviewImporter) -> (artifact id: '00000000000000000000000000000000') in 0.000456583 seconds
Import Error Code:(4)
Message: Build asset version error: assets/deskinteraction.cs in SourceAssetDB has modification time of '2025-04-19T07:51:15Z' while content on disk has modification time of '2025-04-19T07:51:22Z'
  ERROR: Build asset version error: assets/deskinteraction.cs in SourceAssetDB has modification time of '2025-04-19T07:51:15Z' while content on disk has modification time of '2025-04-19T07:51:22Z'
Number of updated asset objects reloaded before import = 0Number of asset objects unloaded after import = 0

========================================================================
Received Import Request.
  Time since last request: 0.172932 seconds.
  path: Assets/DeskInteraction.cs
  artifactKey: Guid(44ad8d31a97e644389be799c977c591a) Importer(815301076,1909f56bfc062723c751e8b465ee728b)
Start importing Assets/DeskInteraction.cs using Guid(44ad8d31a97e644389be799c977c591a) Importer(815301076,1909f56bfc062723c751e8b465ee728b) (PreviewImporter) -> (artifact id: '00000000000000000000000000000000') in 0.000419625 seconds
Import Error Code:(4)
Message: Build asset version error: assets/deskinteraction.cs in SourceAssetDB has modification time of '2025-04-19T07:51:15Z' while content on disk has modification time of '2025-04-19T07:51:22Z'
  ERROR: Build asset version error: assets/deskinteraction.cs in SourceAssetDB has modification time of '2025-04-19T07:51:15Z' while content on disk has modification time of '2025-04-19T07:51:22Z'
Number of updated asset objects reloaded before import = 0Number of asset objects unloaded after import = 0

========================================================================
Received Import Request.
  Time since last request: 0.174001 seconds.
  path: Assets/DeskInteraction.cs
  artifactKey: Guid(44ad8d31a97e644389be799c977c591a) Importer(815301076,1909f56bfc062723c751e8b465ee728b)
Start importing Assets/DeskInteraction.cs using Guid(44ad8d31a97e644389be799c977c591a) Importer(815301076,1909f56bfc062723c751e8b465ee728b) (PreviewImporter) -> (artifact id: '00000000000000000000000000000000') in 0.000409292 seconds
Import Error Code:(4)
Message: Build asset version error: assets/deskinteraction.cs in SourceAssetDB has modification time of '2025-04-19T07:51:15Z' while content on disk has modification time of '2025-04-19T07:51:22Z'
  ERROR: Build asset version error: assets/deskinteraction.cs in SourceAssetDB has modification time of '2025-04-19T07:51:15Z' while content on disk has modification time of '2025-04-19T07:51:22Z'
Number of updated asset objects reloaded before import = 0Number of asset objects unloaded after import = 0

========================================================================
Received Import Request.
  Time since last request: 0.062267 seconds.
  path: Assets/DeskInteraction.cs
  artifactKey: Guid(44ad8d31a97e644389be799c977c591a) Importer(815301076,1909f56bfc062723c751e8b465ee728b)
Start importing Assets/DeskInteraction.cs using Guid(44ad8d31a97e644389be799c977c591a) Importer(815301076,1909f56bfc062723c751e8b465ee728b) (PreviewImporter) -> (artifact id: '00000000000000000000000000000000') in 0.000361708 seconds
Import Error Code:(4)
Message: Build asset version error: assets/deskinteraction.cs in SourceAssetDB has modification time of '2025-04-19T07:51:15Z' while content on disk has modification time of '2025-04-19T07:51:22Z'
  ERROR: Build asset version error: assets/deskinteraction.cs in SourceAssetDB has modification time of '2025-04-19T07:51:15Z' while content on disk has modification time of '2025-04-19T07:51:22Z'
Number of updated asset objects reloaded before import = 0Number of asset objects unloaded after import = 0

========================================================================
Received Import Request.
  Time since last request: 0.188798 seconds.
  path: Assets/DeskInteraction.cs
  artifactKey: Guid(44ad8d31a97e644389be799c977c591a) Importer(815301076,1909f56bfc062723c751e8b465ee728b)
Start importing Assets/DeskInteraction.cs using Guid(44ad8d31a97e644389be799c977c591a) Importer(815301076,1909f56bfc062723c751e8b465ee728b) (PreviewImporter) -> (artifact id: '00000000000000000000000000000000') in 0.000493709 seconds
Import Error Code:(4)
Message: Build asset version error: assets/deskinteraction.cs in SourceAssetDB has modification time of '2025-04-19T07:51:15Z' while content on disk has modification time of '2025-04-19T07:51:22Z'
  ERROR: Build asset version error: assets/deskinteraction.cs in SourceAssetDB has modification time of '2025-04-19T07:51:15Z' while content on disk has modification time of '2025-04-19T07:51:22Z'
Number of updated asset objects reloaded before import = 0Number of asset objects unloaded after import = 0

========================================================================
Received Import Request.
  Time since last request: 0.065491 seconds.
  path: Assets/DeskInteraction.cs
  artifactKey: Guid(44ad8d31a97e644389be799c977c591a) Importer(815301076,1909f56bfc062723c751e8b465ee728b)
Start importing Assets/DeskInteraction.cs using Guid(44ad8d31a97e644389be799c977c591a) Importer(815301076,1909f56bfc062723c751e8b465ee728b) (PreviewImporter) -> (artifact id: '00000000000000000000000000000000') in 0.000373458 seconds
Import Error Code:(4)
Message: Build asset version error: assets/deskinteraction.cs in SourceAssetDB has modification time of '2025-04-19T07:51:15Z' while content on disk has modification time of '2025-04-19T07:51:22Z'
  ERROR: Build asset version error: assets/deskinteraction.cs in SourceAssetDB has modification time of '2025-04-19T07:51:15Z' while content on disk has modification time of '2025-04-19T07:51:22Z'
Number of updated asset objects reloaded before import = 0Number of asset objects unloaded after import = 0

========================================================================
Received Import Request.
  Time since last request: 0.077457 seconds.
  path: Assets/DeskInteraction.cs
  artifactKey: Guid(44ad8d31a97e644389be799c977c591a) Importer(815301076,1909f56bfc062723c751e8b465ee728b)
Start importing Assets/DeskInteraction.cs using Guid(44ad8d31a97e644389be799c977c591a) Importer(815301076,1909f56bfc062723c751e8b465ee728b) (PreviewImporter) -> (artifact id: '00000000000000000000000000000000') in 0.000329542 seconds
Import Error Code:(4)
Message: Build asset version error: assets/deskinteraction.cs in SourceAssetDB has modification time of '2025-04-19T07:51:15Z' while content on disk has modification time of '2025-04-19T07:51:22Z'
  ERROR: Build asset version error: assets/deskinteraction.cs in SourceAssetDB has modification time of '2025-04-19T07:51:15Z' while content on disk has modification time of '2025-04-19T07:51:22Z'
Number of updated asset objects reloaded before import = 0Number of asset objects unloaded after import = 0

========================================================================
Received Import Request.
  Time since last request: 0.184949 seconds.
  path: Assets/DeskInteraction.cs
  artifactKey: Guid(44ad8d31a97e644389be799c977c591a) Importer(815301076,1909f56bfc062723c751e8b465ee728b)
Start importing Assets/DeskInteraction.cs using Guid(44ad8d31a97e644389be799c977c591a) Importer(815301076,1909f56bfc062723c751e8b465ee728b) (PreviewImporter) -> (artifact id: '00000000000000000000000000000000') in 0.000397083 seconds
Import Error Code:(4)
Message: Build asset version error: assets/deskinteraction.cs in SourceAssetDB has modification time of '2025-04-19T07:51:15Z' while content on disk has modification time of '2025-04-19T07:51:22Z'
  ERROR: Build asset version error: assets/deskinteraction.cs in SourceAssetDB has modification time of '2025-04-19T07:51:15Z' while content on disk has modification time of '2025-04-19T07:51:22Z'
Number of updated asset objects reloaded before import = 0Number of asset objects unloaded after import = 0

========================================================================
Received Import Request.
  Time since last request: 0.071082 seconds.
  path: Assets/DeskInteraction.cs
  artifactKey: Guid(44ad8d31a97e644389be799c977c591a) Importer(815301076,1909f56bfc062723c751e8b465ee728b)
Start importing Assets/DeskInteraction.cs using Guid(44ad8d31a97e644389be799c977c591a) Importer(815301076,1909f56bfc062723c751e8b465ee728b) (PreviewImporter) -> (artifact id: '00000000000000000000000000000000') in 0.000339542 seconds
Import Error Code:(4)
Message: Build asset version error: assets/deskinteraction.cs in SourceAssetDB has modification time of '2025-04-19T07:51:15Z' while content on disk has modification time of '2025-04-19T07:51:22Z'
  ERROR: Build asset version error: assets/deskinteraction.cs in SourceAssetDB has modification time of '2025-04-19T07:51:15Z' while content on disk has modification time of '2025-04-19T07:51:22Z'
Number of updated asset objects reloaded before import = 0Number of asset objects unloaded after import = 0

========================================================================
Received Import Request.
  Time since last request: 0.186307 seconds.
  path: Assets/DeskInteraction.cs
  artifactKey: Guid(44ad8d31a97e644389be799c977c591a) Importer(815301076,1909f56bfc062723c751e8b465ee728b)
Start importing Assets/DeskInteraction.cs using Guid(44ad8d31a97e644389be799c977c591a) Importer(815301076,1909f56bfc062723c751e8b465ee728b) (PreviewImporter) -> (artifact id: '00000000000000000000000000000000') in 0.000367625 seconds
Import Error Code:(4)
Message: Build asset version error: assets/deskinteraction.cs in SourceAssetDB has modification time of '2025-04-19T07:51:15Z' while content on disk has modification time of '2025-04-19T07:51:22Z'
  ERROR: Build asset version error: assets/deskinteraction.cs in SourceAssetDB has modification time of '2025-04-19T07:51:15Z' while content on disk has modification time of '2025-04-19T07:51:22Z'
Number of updated asset objects reloaded before import = 0Number of asset objects unloaded after import = 0

========================================================================
Received Import Request.
  Time since last request: 0.173140 seconds.
  path: Assets/DeskInteraction.cs
  artifactKey: Guid(44ad8d31a97e644389be799c977c591a) Importer(815301076,1909f56bfc062723c751e8b465ee728b)
Start importing Assets/DeskInteraction.cs using Guid(44ad8d31a97e644389be799c977c591a) Importer(815301076,1909f56bfc062723c751e8b465ee728b) (PreviewImporter) -> (artifact id: '00000000000000000000000000000000') in 0.000424709 seconds
Import Error Code:(4)
Message: Build asset version error: assets/deskinteraction.cs in SourceAssetDB has modification time of '2025-04-19T07:51:15Z' while content on disk has modification time of '2025-04-19T07:51:22Z'
  ERROR: Build asset version error: assets/deskinteraction.cs in SourceAssetDB has modification time of '2025-04-19T07:51:15Z' while content on disk has modification time of '2025-04-19T07:51:22Z'
Number of updated asset objects reloaded before import = 0Number of asset objects unloaded after import = 0

========================================================================
Received Import Request.
  Time since last request: 0.173685 seconds.
  path: Assets/DeskInteraction.cs
  artifactKey: Guid(44ad8d31a97e644389be799c977c591a) Importer(815301076,1909f56bfc062723c751e8b465ee728b)
Start importing Assets/DeskInteraction.cs using Guid(44ad8d31a97e644389be799c977c591a) Importer(815301076,1909f56bfc062723c751e8b465ee728b) (PreviewImporter) -> (artifact id: '00000000000000000000000000000000') in 0.000436583 seconds
Import Error Code:(4)
Message: Build asset version error: assets/deskinteraction.cs in SourceAssetDB has modification time of '2025-04-19T07:51:15Z' while content on disk has modification time of '2025-04-19T07:51:22Z'
  ERROR: Build asset version error: assets/deskinteraction.cs in SourceAssetDB has modification time of '2025-04-19T07:51:15Z' while content on disk has modification time of '2025-04-19T07:51:22Z'
Number of updated asset objects reloaded before import = 0Number of asset objects unloaded after import = 0

========================================================================
Received Import Request.
  Time since last request: 0.172125 seconds.
  path: Assets/DeskInteraction.cs
  artifactKey: Guid(44ad8d31a97e644389be799c977c591a) Importer(815301076,1909f56bfc062723c751e8b465ee728b)
Start importing Assets/DeskInteraction.cs using Guid(44ad8d31a97e644389be799c977c591a) Importer(815301076,1909f56bfc062723c751e8b465ee728b) (PreviewImporter) -> (artifact id: '00000000000000000000000000000000') in 0.000373041 seconds
Import Error Code:(4)
Message: Build asset version error: assets/deskinteraction.cs in SourceAssetDB has modification time of '2025-04-19T07:51:15Z' while content on disk has modification time of '2025-04-19T07:51:22Z'
  ERROR: Build asset version error: assets/deskinteraction.cs in SourceAssetDB has modification time of '2025-04-19T07:51:15Z' while content on disk has modification time of '2025-04-19T07:51:22Z'
Number of updated asset objects reloaded before import = 0Number of asset objects unloaded after import = 0

========================================================================
Received Import Request.
  Time since last request: 0.065455 seconds.
  path: Assets/DeskInteraction.cs
  artifactKey: Guid(44ad8d31a97e644389be799c977c591a) Importer(815301076,1909f56bfc062723c751e8b465ee728b)
Start importing Assets/DeskInteraction.cs using Guid(44ad8d31a97e644389be799c977c591a) Importer(815301076,1909f56bfc062723c751e8b465ee728b) (PreviewImporter) -> (artifact id: '00000000000000000000000000000000') in 0.000343167 seconds
Import Error Code:(4)
Message: Build asset version error: assets/deskinteraction.cs in SourceAssetDB has modification time of '2025-04-19T07:51:15Z' while content on disk has modification time of '2025-04-19T07:51:22Z'
  ERROR: Build asset version error: assets/deskinteraction.cs in SourceAssetDB has modification time of '2025-04-19T07:51:15Z' while content on disk has modification time of '2025-04-19T07:51:22Z'
Number of updated asset objects reloaded before import = 0Number of asset objects unloaded after import = 0

========================================================================
Received Import Request.
  Time since last request: 0.077589 seconds.
  path: Assets/DeskInteraction.cs
  artifactKey: Guid(44ad8d31a97e644389be799c977c591a) Importer(815301076,1909f56bfc062723c751e8b465ee728b)
Start importing Assets/DeskInteraction.cs using Guid(44ad8d31a97e644389be799c977c591a) Importer(815301076,1909f56bfc062723c751e8b465ee728b) (PreviewImporter) -> (artifact id: '00000000000000000000000000000000') in 0.000302291 seconds
Import Error Code:(4)
Message: Build asset version error: assets/deskinteraction.cs in SourceAssetDB has modification time of '2025-04-19T07:51:15Z' while content on disk has modification time of '2025-04-19T07:51:22Z'
  ERROR: Build asset version error: assets/deskinteraction.cs in SourceAssetDB has modification time of '2025-04-19T07:51:15Z' while content on disk has modification time of '2025-04-19T07:51:22Z'
Number of updated asset objects reloaded before import = 0Number of asset objects unloaded after import = 0

========================================================================
Received Import Request.
  Time since last request: 0.189069 seconds.
  path: Assets/DeskInteraction.cs
  artifactKey: Guid(44ad8d31a97e644389be799c977c591a) Importer(815301076,1909f56bfc062723c751e8b465ee728b)
Start importing Assets/DeskInteraction.cs using Guid(44ad8d31a97e644389be799c977c591a) Importer(815301076,1909f56bfc062723c751e8b465ee728b) (PreviewImporter) -> (artifact id: '00000000000000000000000000000000') in 0.000373708 seconds
Import Error Code:(4)
Message: Build asset version error: assets/deskinteraction.cs in SourceAssetDB has modification time of '2025-04-19T07:51:15Z' while content on disk has modification time of '2025-04-19T07:51:22Z'
  ERROR: Build asset version error: assets/deskinteraction.cs in SourceAssetDB has modification time of '2025-04-19T07:51:15Z' while content on disk has modification time of '2025-04-19T07:51:22Z'
Number of updated asset objects reloaded before import = 0Number of asset objects unloaded after import = 0

========================================================================
Received Import Request.
  Time since last request: 0.173151 seconds.
  path: Assets/DeskInteraction.cs
  artifactKey: Guid(44ad8d31a97e644389be799c977c591a) Importer(815301076,1909f56bfc062723c751e8b465ee728b)
Start importing Assets/DeskInteraction.cs using Guid(44ad8d31a97e644389be799c977c591a) Importer(815301076,1909f56bfc062723c751e8b465ee728b) (PreviewImporter) -> (artifact id: '00000000000000000000000000000000') in 0.000417708 seconds
Import Error Code:(4)
Message: Build asset version error: assets/deskinteraction.cs in SourceAssetDB has modification time of '2025-04-19T07:51:15Z' while content on disk has modification time of '2025-04-19T07:51:22Z'
  ERROR: Build asset version error: assets/deskinteraction.cs in SourceAssetDB has modification time of '2025-04-19T07:51:15Z' while content on disk has modification time of '2025-04-19T07:51:22Z'
Number of updated asset objects reloaded before import = 0Number of asset objects unloaded after import = 0

========================================================================
Received Import Request.
  Time since last request: 0.173556 seconds.
  path: Assets/DeskInteraction.cs
  artifactKey: Guid(44ad8d31a97e644389be799c977c591a) Importer(815301076,1909f56bfc062723c751e8b465ee728b)
Start importing Assets/DeskInteraction.cs using Guid(44ad8d31a97e644389be799c977c591a) Importer(815301076,1909f56bfc062723c751e8b465ee728b) (PreviewImporter) -> (artifact id: '00000000000000000000000000000000') in 0.000427375 seconds
Import Error Code:(4)
Message: Build asset version error: assets/deskinteraction.cs in SourceAssetDB has modification time of '2025-04-19T07:51:15Z' while content on disk has modification time of '2025-04-19T07:51:22Z'
  ERROR: Build asset version error: assets/deskinteraction.cs in SourceAssetDB has modification time of '2025-04-19T07:51:15Z' while content on disk has modification time of '2025-04-19T07:51:22Z'
Number of updated asset objects reloaded before import = 0Number of asset objects unloaded after import = 0

========================================================================
Received Import Request.
  Time since last request: 0.064736 seconds.
  path: Assets/DeskInteraction.cs
  artifactKey: Guid(44ad8d31a97e644389be799c977c591a) Importer(815301076,1909f56bfc062723c751e8b465ee728b)
Start importing Assets/DeskInteraction.cs using Guid(44ad8d31a97e644389be799c977c591a) Importer(815301076,1909f56bfc062723c751e8b465ee728b) (PreviewImporter) -> (artifact id: '00000000000000000000000000000000') in 0.000327042 seconds
Import Error Code:(4)
Message: Build asset version error: assets/deskinteraction.cs in SourceAssetDB has modification time of '2025-04-19T07:51:15Z' while content on disk has modification time of '2025-04-19T07:51:22Z'
  ERROR: Build asset version error: assets/deskinteraction.cs in SourceAssetDB has modification time of '2025-04-19T07:51:15Z' while content on disk has modification time of '2025-04-19T07:51:22Z'
Number of updated asset objects reloaded before import = 0Number of asset objects unloaded after import = 0

========================================================================
Received Import Request.
  Time since last request: 0.181535 seconds.
  path: Assets/DeskInteraction.cs
  artifactKey: Guid(44ad8d31a97e644389be799c977c591a) Importer(815301076,1909f56bfc062723c751e8b465ee728b)
Start importing Assets/DeskInteraction.cs using Guid(44ad8d31a97e644389be799c977c591a) Importer(815301076,1909f56bfc062723c751e8b465ee728b) (PreviewImporter) -> (artifact id: '00000000000000000000000000000000') in 0.000357333 seconds
Import Error Code:(4)
Message: Build asset version error: assets/deskinteraction.cs in SourceAssetDB has modification time of '2025-04-19T07:51:15Z' while content on disk has modification time of '2025-04-19T07:51:22Z'
  ERROR: Build asset version error: assets/deskinteraction.cs in SourceAssetDB has modification time of '2025-04-19T07:51:15Z' while content on disk has modification time of '2025-04-19T07:51:22Z'
Number of updated asset objects reloaded before import = 0Number of asset objects unloaded after import = 0

========================================================================
Received Import Request.
  Time since last request: 0.070435 seconds.
  path: Assets/DeskInteraction.cs
  artifactKey: Guid(44ad8d31a97e644389be799c977c591a) Importer(815301076,1909f56bfc062723c751e8b465ee728b)
Start importing Assets/DeskInteraction.cs using Guid(44ad8d31a97e644389be799c977c591a) Importer(815301076,1909f56bfc062723c751e8b465ee728b) (PreviewImporter) -> (artifact id: '00000000000000000000000000000000') in 0.000333416 seconds
Import Error Code:(4)
Message: Build asset version error: assets/deskinteraction.cs in SourceAssetDB has modification time of '2025-04-19T07:51:15Z' while content on disk has modification time of '2025-04-19T07:51:22Z'
  ERROR: Build asset version error: assets/deskinteraction.cs in SourceAssetDB has modification time of '2025-04-19T07:51:15Z' while content on disk has modification time of '2025-04-19T07:51:22Z'
Number of updated asset objects reloaded before import = 0Number of asset objects unloaded after import = 0

========================================================================
Received Import Request.
  Time since last request: 0.182691 seconds.
  path: Assets/DeskInteraction.cs
  artifactKey: Guid(44ad8d31a97e644389be799c977c591a) Importer(815301076,1909f56bfc062723c751e8b465ee728b)
Start importing Assets/DeskInteraction.cs using Guid(44ad8d31a97e644389be799c977c591a) Importer(815301076,1909f56bfc062723c751e8b465ee728b) (PreviewImporter) -> (artifact id: '00000000000000000000000000000000') in 0.000404042 seconds
Import Error Code:(4)
Message: Build asset version error: assets/deskinteraction.cs in SourceAssetDB has modification time of '2025-04-19T07:51:15Z' while content on disk has modification time of '2025-04-19T07:51:22Z'
  ERROR: Build asset version error: assets/deskinteraction.cs in SourceAssetDB has modification time of '2025-04-19T07:51:15Z' while content on disk has modification time of '2025-04-19T07:51:22Z'
Number of updated asset objects reloaded before import = 0Number of asset objects unloaded after import = 0

========================================================================
Received Import Request.
  Time since last request: 0.069330 seconds.
  path: Assets/DeskInteraction.cs
  artifactKey: Guid(44ad8d31a97e644389be799c977c591a) Importer(815301076,1909f56bfc062723c751e8b465ee728b)
Start importing Assets/DeskInteraction.cs using Guid(44ad8d31a97e644389be799c977c591a) Importer(815301076,1909f56bfc062723c751e8b465ee728b) (PreviewImporter) -> (artifact id: '00000000000000000000000000000000') in 0.000333542 seconds
Import Error Code:(4)
Message: Build asset version error: assets/deskinteraction.cs in SourceAssetDB has modification time of '2025-04-19T07:51:15Z' while content on disk has modification time of '2025-04-19T07:51:22Z'
  ERROR: Build asset version error: assets/deskinteraction.cs in SourceAssetDB has modification time of '2025-04-19T07:51:15Z' while content on disk has modification time of '2025-04-19T07:51:22Z'
Number of updated asset objects reloaded before import = 0Number of asset objects unloaded after import = 0

========================================================================
Received Import Request.
  Time since last request: 0.184652 seconds.
  path: Assets/DeskInteraction.cs
  artifactKey: Guid(44ad8d31a97e644389be799c977c591a) Importer(815301076,1909f56bfc062723c751e8b465ee728b)
Start importing Assets/DeskInteraction.cs using Guid(44ad8d31a97e644389be799c977c591a) Importer(815301076,1909f56bfc062723c751e8b465ee728b) (PreviewImporter) -> (artifact id: '00000000000000000000000000000000') in 0.000378709 seconds
Import Error Code:(4)
Message: Build asset version error: assets/deskinteraction.cs in SourceAssetDB has modification time of '2025-04-19T07:51:15Z' while content on disk has modification time of '2025-04-19T07:51:22Z'
  ERROR: Build asset version error: assets/deskinteraction.cs in SourceAssetDB has modification time of '2025-04-19T07:51:15Z' while content on disk has modification time of '2025-04-19T07:51:22Z'
Number of updated asset objects reloaded before import = 0Number of asset objects unloaded after import = 0

========================================================================
Received Import Request.
  Time since last request: 0.174799 seconds.
  path: Assets/DeskInteraction.cs
  artifactKey: Guid(44ad8d31a97e644389be799c977c591a) Importer(815301076,1909f56bfc062723c751e8b465ee728b)
Start importing Assets/DeskInteraction.cs using Guid(44ad8d31a97e644389be799c977c591a) Importer(815301076,1909f56bfc062723c751e8b465ee728b) (PreviewImporter) -> (artifact id: '00000000000000000000000000000000') in 0.000418 seconds
Import Error Code:(4)
Message: Build asset version error: assets/deskinteraction.cs in SourceAssetDB has modification time of '2025-04-19T07:51:15Z' while content on disk has modification time of '2025-04-19T07:51:22Z'
  ERROR: Build asset version error: assets/deskinteraction.cs in SourceAssetDB has modification time of '2025-04-19T07:51:15Z' while content on disk has modification time of '2025-04-19T07:51:22Z'
Number of updated asset objects reloaded before import = 0Number of asset objects unloaded after import = 0

========================================================================
Received Import Request.
  Time since last request: 0.173216 seconds.
  path: Assets/DeskInteraction.cs
  artifactKey: Guid(44ad8d31a97e644389be799c977c591a) Importer(815301076,1909f56bfc062723c751e8b465ee728b)
Start importing Assets/DeskInteraction.cs using Guid(44ad8d31a97e644389be799c977c591a) Importer(815301076,1909f56bfc062723c751e8b465ee728b) (PreviewImporter) -> (artifact id: '00000000000000000000000000000000') in 0.00039425 seconds
Import Error Code:(4)
Message: Build asset version error: assets/deskinteraction.cs in SourceAssetDB has modification time of '2025-04-19T07:51:15Z' while content on disk has modification time of '2025-04-19T07:51:22Z'
  ERROR: Build asset version error: assets/deskinteraction.cs in SourceAssetDB has modification time of '2025-04-19T07:51:15Z' while content on disk has modification time of '2025-04-19T07:51:22Z'
Number of updated asset objects reloaded before import = 0Number of asset objects unloaded after import = 0

========================================================================
Received Import Request.
  Time since last request: 0.065251 seconds.
  path: Assets/DeskInteraction.cs
  artifactKey: Guid(44ad8d31a97e644389be799c977c591a) Importer(815301076,1909f56bfc062723c751e8b465ee728b)
Start importing Assets/DeskInteraction.cs using Guid(44ad8d31a97e644389be799c977c591a) Importer(815301076,1909f56bfc062723c751e8b465ee728b) (PreviewImporter) -> (artifact id: '00000000000000000000000000000000') in 0.000329416 seconds
Import Error Code:(4)
Message: Build asset version error: assets/deskinteraction.cs in SourceAssetDB has modification time of '2025-04-19T07:51:15Z' while content on disk has modification time of '2025-04-19T07:51:22Z'
  ERROR: Build asset version error: assets/deskinteraction.cs in SourceAssetDB has modification time of '2025-04-19T07:51:15Z' while content on disk has modification time of '2025-04-19T07:51:22Z'
Number of updated asset objects reloaded before import = 0Number of asset objects unloaded after import = 0

========================================================================
Received Prepare
Begin MonoManager ReloadAssembly
Thread 0x16f877000 may have been prematurely finalized
- Loaded All Assemblies, in  0.508 seconds
Refreshing native plugins compatible for Editor in 0.36 ms, found 3 plugins.
Native extension for OSXStandalone target not found
Native extension for WebGL target not found
Mono: successfully reloaded assembly
- Finished resetting the current domain, in  0.557 seconds
Domain Reload Profiling: 1068ms
	BeginReloadAssembly (131ms)
		ExecutionOrderSort (0ms)
		DisableScriptedObjects (8ms)
		BackupInstance (0ms)
		ReleaseScriptingObjects (0ms)
		CreateAndSetChildDomain (58ms)
	RebuildCommonClasses (27ms)
	RebuildNativeTypeToScriptingClass (10ms)
	initialDomainReloadingComplete (14ms)
	LoadAllAssembliesAndSetupDomain (327ms)
		LoadAssemblies (206ms)
		RebuildTransferFunctionScriptingTraits (0ms)
		AnalyzeDomain (156ms)
			TypeCache.Refresh (11ms)
				TypeCache.ScanAssembly (0ms)
			BuildScriptInfoCaches (135ms)
			ResolveRequiredComponents (8ms)
	FinalizeReload (558ms)
		ReleaseScriptCaches (0ms)
		RebuildScriptCaches (0ms)
		SetupLoadedEditorAssemblies (421ms)
			LogAssemblyErrors (0ms)
			InitializePlatformSupportModulesInManaged (2ms)
			SetLoadedEditorAssemblies (3ms)
			BeforeProcessingInitializeOnLoad (88ms)
			ProcessInitializeOnLoadAttributes (278ms)
			ProcessInitializeOnLoadMethodAttributes (49ms)
			AfterProcessingInitializeOnLoad (1ms)
			EditorAssembliesLoaded (0ms)
		ExecutionOrderSort2 (0ms)
		AwakeInstancesAfterBackupRestoration (7ms)
Refreshing native plugins compatible for Editor in 0.57 ms, found 3 plugins.
Preloading 0 native plugins for Editor in 0.00 ms.
Unloading 14 Unused Serialized files (Serialized files now loaded: 0)
Unloading 6566 unused Assets / (3.8 MB). Loaded Objects now: 7433.
Memory consumption went from 152.4 MB to 148.6 MB.
Total: 6.964500 ms (FindLiveObjects: 0.436459 ms CreateObjectMapping: 0.262458 ms MarkObjects: 4.494333 ms  DeleteObjects: 1.770667 ms)

Prepare: number of updated asset objects reloaded= 0
========================================================================
Received Import Request.
  Time since last request: 102.773941 seconds.
  path: Assets/Font/AppleGothic SDF.asset
  artifactKey: Guid(a07b8592232174161a6e8895b0638f5a) Importer(815301076,1909f56bfc062723c751e8b465ee728b)
Start importing Assets/Font/AppleGothic SDF.asset using Guid(a07b8592232174161a6e8895b0638f5a) Importer(815301076,1909f56bfc062723c751e8b465ee728b) (PreviewImporter) -> (artifact id: '214b9628e955f9c0ae89cef651e7a3c8') in 0.538330583 seconds
Number of updated asset objects reloaded before import = 0Number of asset objects unloaded after import = 4

========================================================================
Received Prepare
Begin MonoManager ReloadAssembly
Thread 0x16f877000 may have been prematurely finalized
- Loaded All Assemblies, in  0.551 seconds
Refreshing native plugins compatible for Editor in 0.35 ms, found 3 plugins.
Native extension for OSXStandalone target not found
Native extension for WebGL target not found
Mono: successfully reloaded assembly
- Finished resetting the current domain, in  0.573 seconds
Domain Reload Profiling: 1127ms
	BeginReloadAssembly (148ms)
		ExecutionOrderSort (0ms)
		DisableScriptedObjects (16ms)
		BackupInstance (0ms)
		ReleaseScriptingObjects (0ms)
		CreateAndSetChildDomain (66ms)
	RebuildCommonClasses (27ms)
	RebuildNativeTypeToScriptingClass (10ms)
	initialDomainReloadingComplete (20ms)
	LoadAllAssembliesAndSetupDomain (348ms)
		LoadAssemblies (224ms)
		RebuildTransferFunctionScriptingTraits (0ms)
		AnalyzeDomain (160ms)
			TypeCache.Refresh (8ms)
				TypeCache.ScanAssembly (0ms)
			BuildScriptInfoCaches (142ms)
			ResolveRequiredComponents (8ms)
	FinalizeReload (573ms)
		ReleaseScriptCaches (0ms)
		RebuildScriptCaches (0ms)
		SetupLoadedEditorAssemblies (435ms)
			LogAssemblyErrors (0ms)
			InitializePlatformSupportModulesInManaged (2ms)
			SetLoadedEditorAssemblies (3ms)
			BeforeProcessingInitializeOnLoad (89ms)
			ProcessInitializeOnLoadAttributes (291ms)
			ProcessInitializeOnLoadMethodAttributes (49ms)
			AfterProcessingInitializeOnLoad (1ms)
			EditorAssembliesLoaded (0ms)
		ExecutionOrderSort2 (0ms)
		AwakeInstancesAfterBackupRestoration (8ms)
Refreshing native plugins compatible for Editor in 0.54 ms, found 3 plugins.
Preloading 0 native plugins for Editor in 0.00 ms.
Unloading 14 Unused Serialized files (Serialized files now loaded: 0)
Unloading 6566 unused Assets / (2.8 MB). Loaded Objects now: 7457.
Memory consumption went from 157.0 MB to 154.2 MB.
Total: 8.031084 ms (FindLiveObjects: 0.486084 ms CreateObjectMapping: 0.295666 ms MarkObjects: 5.080917 ms  DeleteObjects: 2.167334 ms)

Prepare: number of updated asset objects reloaded= 0
========================================================================
Received Prepare
Begin MonoManager ReloadAssembly
Thread 0x16f877000 may have been prematurely finalized
- Loaded All Assemblies, in  0.514 seconds
Refreshing native plugins compatible for Editor in 0.36 ms, found 3 plugins.
Native extension for OSXStandalone target not found
Native extension for WebGL target not found
Mono: successfully reloaded assembly
- Finished resetting the current domain, in  0.557 seconds
Domain Reload Profiling: 1074ms
	BeginReloadAssembly (132ms)
		ExecutionOrderSort (0ms)
		DisableScriptedObjects (8ms)
		BackupInstance (0ms)
		ReleaseScriptingObjects (0ms)
		CreateAndSetChildDomain (53ms)
	RebuildCommonClasses (28ms)
	RebuildNativeTypeToScriptingClass (10ms)
	initialDomainReloadingComplete (14ms)
	LoadAllAssembliesAndSetupDomain (333ms)
		LoadAssemblies (216ms)
		RebuildTransferFunctionScriptingTraits (0ms)
		AnalyzeDomain (158ms)
			TypeCache.Refresh (9ms)
				TypeCache.ScanAssembly (0ms)
			BuildScriptInfoCaches (139ms)
			ResolveRequiredComponents (8ms)
	FinalizeReload (557ms)
		ReleaseScriptCaches (0ms)
		RebuildScriptCaches (0ms)
		SetupLoadedEditorAssemblies (420ms)
			LogAssemblyErrors (0ms)
			InitializePlatformSupportModulesInManaged (2ms)
			SetLoadedEditorAssemblies (3ms)
			BeforeProcessingInitializeOnLoad (91ms)
			ProcessInitializeOnLoadAttributes (277ms)
			ProcessInitializeOnLoadMethodAttributes (46ms)
			AfterProcessingInitializeOnLoad (2ms)
			EditorAssembliesLoaded (0ms)
		ExecutionOrderSort2 (0ms)
		AwakeInstancesAfterBackupRestoration (8ms)
Refreshing native plugins compatible for Editor in 0.47 ms, found 3 plugins.
Preloading 0 native plugins for Editor in 0.00 ms.
Unloading 14 Unused Serialized files (Serialized files now loaded: 0)
Unloading 6566 unused Assets / (3.5 MB). Loaded Objects now: 7459.
Memory consumption went from 155.9 MB to 152.4 MB.
Total: 7.829458 ms (FindLiveObjects: 0.449625 ms CreateObjectMapping: 0.292500 ms MarkObjects: 5.306042 ms  DeleteObjects: 1.780708 ms)

Prepare: number of updated asset objects reloaded= 0
========================================================================
Received Prepare
Begin MonoManager ReloadAssembly
Thread 0x16f877000 may have been prematurely finalized
- Loaded All Assemblies, in  0.654 seconds
Refreshing native plugins compatible for Editor in 0.43 ms, found 3 plugins.
Native extension for OSXStandalone target not found
Native extension for WebGL target not found
Mono: successfully reloaded assembly
- Finished resetting the current domain, in  0.811 seconds
Domain Reload Profiling: 1468ms
	BeginReloadAssembly (241ms)
		ExecutionOrderSort (0ms)
		DisableScriptedObjects (23ms)
		BackupInstance (0ms)
		ReleaseScriptingObjects (0ms)
		CreateAndSetChildDomain (102ms)
	RebuildCommonClasses (33ms)
	RebuildNativeTypeToScriptingClass (11ms)
	initialDomainReloadingComplete (17ms)
	LoadAllAssembliesAndSetupDomain (355ms)
		LoadAssemblies (237ms)
		RebuildTransferFunctionScriptingTraits (0ms)
		AnalyzeDomain (172ms)
			TypeCache.Refresh (9ms)
				TypeCache.ScanAssembly (0ms)
			BuildScriptInfoCaches (152ms)
			ResolveRequiredComponents (8ms)
	FinalizeReload (811ms)
		ReleaseScriptCaches (0ms)
		RebuildScriptCaches (0ms)
		SetupLoadedEditorAssemblies (645ms)
			LogAssemblyErrors (0ms)
			InitializePlatformSupportModulesInManaged (3ms)
			SetLoadedEditorAssemblies (3ms)
			BeforeProcessingInitializeOnLoad (143ms)
			ProcessInitializeOnLoadAttributes (428ms)
			ProcessInitializeOnLoadMethodAttributes (66ms)
			AfterProcessingInitializeOnLoad (1ms)
			EditorAssembliesLoaded (0ms)
		ExecutionOrderSort2 (0ms)
		AwakeInstancesAfterBackupRestoration (10ms)
Refreshing native plugins compatible for Editor in 0.87 ms, found 3 plugins.
Preloading 0 native plugins for Editor in 0.00 ms.
Unloading 14 Unused Serialized files (Serialized files now loaded: 0)
Unloading 6566 unused Assets / (3.3 MB). Loaded Objects now: 7461.
Memory consumption went from 154.4 MB to 151.2 MB.
Total: 9.964209 ms (FindLiveObjects: 0.437292 ms CreateObjectMapping: 0.253708 ms MarkObjects: 6.520000 ms  DeleteObjects: 2.752375 ms)

Prepare: number of updated asset objects reloaded= 0
========================================================================
Received Prepare
Begin MonoManager ReloadAssembly
Thread 0x16f877000 may have been prematurely finalized
- Loaded All Assemblies, in  0.528 seconds
Refreshing native plugins compatible for Editor in 0.36 ms, found 3 plugins.
Native extension for OSXStandalone target not found
Native extension for WebGL target not found
Mono: successfully reloaded assembly
- Finished resetting the current domain, in  0.561 seconds
Domain Reload Profiling: 1092ms
	BeginReloadAssembly (129ms)
		ExecutionOrderSort (0ms)
		DisableScriptedObjects (8ms)
		BackupInstance (0ms)
		ReleaseScriptingObjects (0ms)
		CreateAndSetChildDomain (55ms)
	RebuildCommonClasses (28ms)
	RebuildNativeTypeToScriptingClass (10ms)
	initialDomainReloadingComplete (14ms)
	LoadAllAssembliesAndSetupDomain (349ms)
		LoadAssemblies (228ms)
		RebuildTransferFunctionScriptingTraits (0ms)
		AnalyzeDomain (157ms)
			TypeCache.Refresh (9ms)
				TypeCache.ScanAssembly (0ms)
			BuildScriptInfoCaches (137ms)
			ResolveRequiredComponents (8ms)
	FinalizeReload (562ms)
		ReleaseScriptCaches (0ms)
		RebuildScriptCaches (0ms)
		SetupLoadedEditorAssemblies (425ms)
			LogAssemblyErrors (0ms)
			InitializePlatformSupportModulesInManaged (2ms)
			SetLoadedEditorAssemblies (3ms)
			BeforeProcessingInitializeOnLoad (90ms)
			ProcessInitializeOnLoadAttributes (279ms)
			ProcessInitializeOnLoadMethodAttributes (50ms)
			AfterProcessingInitializeOnLoad (1ms)
			EditorAssembliesLoaded (0ms)
		ExecutionOrderSort2 (0ms)
		AwakeInstancesAfterBackupRestoration (8ms)
Refreshing native plugins compatible for Editor in 0.60 ms, found 3 plugins.
Preloading 0 native plugins for Editor in 0.00 ms.
Unloading 14 Unused Serialized files (Serialized files now loaded: 0)
Unloading 6566 unused Assets / (3.0 MB). Loaded Objects now: 7463.
Memory consumption went from 153.7 MB to 150.7 MB.
Total: 7.606750 ms (FindLiveObjects: 0.491875 ms CreateObjectMapping: 0.337792 ms MarkObjects: 4.914083 ms  DeleteObjects: 1.862333 ms)

Prepare: number of updated asset objects reloaded= 0
========================================================================
Received Prepare
Begin MonoManager ReloadAssembly
Thread 0x16f877000 may have been prematurely finalized
- Loaded All Assemblies, in  0.519 seconds
Refreshing native plugins compatible for Editor in 0.40 ms, found 3 plugins.
Native extension for OSXStandalone target not found
Native extension for WebGL target not found
Mono: successfully reloaded assembly
- Finished resetting the current domain, in  0.554 seconds
Domain Reload Profiling: 1076ms
	BeginReloadAssembly (130ms)
		ExecutionOrderSort (0ms)
		DisableScriptedObjects (9ms)
		BackupInstance (0ms)
		ReleaseScriptingObjects (0ms)
		CreateAndSetChildDomain (55ms)
	RebuildCommonClasses (28ms)
	RebuildNativeTypeToScriptingClass (10ms)
	initialDomainReloadingComplete (14ms)
	LoadAllAssembliesAndSetupDomain (340ms)
		LoadAssemblies (221ms)
		RebuildTransferFunctionScriptingTraits (0ms)
		AnalyzeDomain (156ms)
			TypeCache.Refresh (9ms)
				TypeCache.ScanAssembly (0ms)
			BuildScriptInfoCaches (136ms)
			ResolveRequiredComponents (8ms)
	FinalizeReload (555ms)
		ReleaseScriptCaches (0ms)
		RebuildScriptCaches (0ms)
		SetupLoadedEditorAssemblies (418ms)
			LogAssemblyErrors (0ms)
			InitializePlatformSupportModulesInManaged (2ms)
			SetLoadedEditorAssemblies (3ms)
			BeforeProcessingInitializeOnLoad (87ms)
			ProcessInitializeOnLoadAttributes (278ms)
			ProcessInitializeOnLoadMethodAttributes (47ms)
			AfterProcessingInitializeOnLoad (1ms)
			EditorAssembliesLoaded (0ms)
		ExecutionOrderSort2 (0ms)
		AwakeInstancesAfterBackupRestoration (8ms)
Refreshing native plugins compatible for Editor in 0.69 ms, found 3 plugins.
Preloading 0 native plugins for Editor in 0.00 ms.
Unloading 14 Unused Serialized files (Serialized files now loaded: 0)
Unloading 6566 unused Assets / (3.2 MB). Loaded Objects now: 7465.
Memory consumption went from 153.7 MB to 150.5 MB.
Total: 7.527375 ms (FindLiveObjects: 0.464500 ms CreateObjectMapping: 0.388375 ms MarkObjects: 4.713792 ms  DeleteObjects: 1.960375 ms)

Prepare: number of updated asset objects reloaded= 0
========================================================================
Received Prepare
Begin MonoManager ReloadAssembly
Thread 0x16f877000 may have been prematurely finalized
- Loaded All Assemblies, in  0.519 seconds
Refreshing native plugins compatible for Editor in 0.37 ms, found 3 plugins.
Native extension for OSXStandalone target not found
Native extension for WebGL target not found
Mono: successfully reloaded assembly
- Finished resetting the current domain, in  0.564 seconds
Domain Reload Profiling: 1086ms
	BeginReloadAssembly (129ms)
		ExecutionOrderSort (0ms)
		DisableScriptedObjects (9ms)
		BackupInstance (0ms)
		ReleaseScriptingObjects (0ms)
		CreateAndSetChildDomain (53ms)
	RebuildCommonClasses (28ms)
	RebuildNativeTypeToScriptingClass (10ms)
	initialDomainReloadingComplete (14ms)
	LoadAllAssembliesAndSetupDomain (340ms)
		LoadAssemblies (216ms)
		RebuildTransferFunctionScriptingTraits (0ms)
		AnalyzeDomain (160ms)
			TypeCache.Refresh (10ms)
				TypeCache.ScanAssembly (0ms)
			BuildScriptInfoCaches (140ms)
			ResolveRequiredComponents (8ms)
	FinalizeReload (564ms)
		ReleaseScriptCaches (0ms)
		RebuildScriptCaches (0ms)
		SetupLoadedEditorAssemblies (425ms)
			LogAssemblyErrors (0ms)
			InitializePlatformSupportModulesInManaged (2ms)
			SetLoadedEditorAssemblies (3ms)
			BeforeProcessingInitializeOnLoad (91ms)
			ProcessInitializeOnLoadAttributes (278ms)
			ProcessInitializeOnLoadMethodAttributes (50ms)
			AfterProcessingInitializeOnLoad (1ms)
			EditorAssembliesLoaded (0ms)
		ExecutionOrderSort2 (0ms)
		AwakeInstancesAfterBackupRestoration (10ms)
Refreshing native plugins compatible for Editor in 0.61 ms, found 3 plugins.
Preloading 0 native plugins for Editor in 0.00 ms.
Unloading 14 Unused Serialized files (Serialized files now loaded: 0)
Unloading 6566 unused Assets / (3.2 MB). Loaded Objects now: 7467.
Memory consumption went from 153.7 MB to 150.4 MB.
Total: 7.825250 ms (FindLiveObjects: 0.623792 ms CreateObjectMapping: 0.337833 ms MarkObjects: 4.686667 ms  DeleteObjects: 2.176500 ms)

Prepare: number of updated asset objects reloaded= 0
========================================================================
Received Prepare
Begin MonoManager ReloadAssembly
Thread 0x16f877000 may have been prematurely finalized
- Loaded All Assemblies, in  0.520 seconds
Refreshing native plugins compatible for Editor in 0.38 ms, found 3 plugins.
Native extension for OSXStandalone target not found
Native extension for WebGL target not found
Mono: successfully reloaded assembly
- Finished resetting the current domain, in  0.558 seconds
Domain Reload Profiling: 1081ms
	BeginReloadAssembly (128ms)
		ExecutionOrderSort (0ms)
		DisableScriptedObjects (8ms)
		BackupInstance (0ms)
		ReleaseScriptingObjects (0ms)
		CreateAndSetChildDomain (54ms)
	RebuildCommonClasses (28ms)
	RebuildNativeTypeToScriptingClass (10ms)
	initialDomainReloadingComplete (15ms)
	LoadAllAssembliesAndSetupDomain (342ms)
		LoadAssemblies (217ms)
		RebuildTransferFunctionScriptingTraits (0ms)
		AnalyzeDomain (160ms)
			TypeCache.Refresh (10ms)
				TypeCache.ScanAssembly (0ms)
			BuildScriptInfoCaches (139ms)
			ResolveRequiredComponents (8ms)
	FinalizeReload (559ms)
		ReleaseScriptCaches (0ms)
		RebuildScriptCaches (0ms)
		SetupLoadedEditorAssemblies (421ms)
			LogAssemblyErrors (0ms)
			InitializePlatformSupportModulesInManaged (2ms)
			SetLoadedEditorAssemblies (3ms)
			BeforeProcessingInitializeOnLoad (88ms)
			ProcessInitializeOnLoadAttributes (278ms)
			ProcessInitializeOnLoadMethodAttributes (48ms)
			AfterProcessingInitializeOnLoad (1ms)
			EditorAssembliesLoaded (0ms)
		ExecutionOrderSort2 (0ms)
		AwakeInstancesAfterBackupRestoration (8ms)
Refreshing native plugins compatible for Editor in 0.50 ms, found 3 plugins.
Preloading 0 native plugins for Editor in 0.00 ms.
Unloading 14 Unused Serialized files (Serialized files now loaded: 0)
Unloading 6566 unused Assets / (3.2 MB). Loaded Objects now: 7469.
Memory consumption went from 153.7 MB to 150.6 MB.
Total: 9.912166 ms (FindLiveObjects: 0.427958 ms CreateObjectMapping: 0.730542 ms MarkObjects: 5.666958 ms  DeleteObjects: 3.086292 ms)

Prepare: number of updated asset objects reloaded= 0
========================================================================
Received Prepare
Begin MonoManager ReloadAssembly
Thread 0x16f877000 may have been prematurely finalized
- Loaded All Assemblies, in  0.510 seconds
Refreshing native plugins compatible for Editor in 0.36 ms, found 3 plugins.
Native extension for OSXStandalone target not found
Native extension for WebGL target not found
Mono: successfully reloaded assembly
- Finished resetting the current domain, in  0.555 seconds
Domain Reload Profiling: 1068ms
	BeginReloadAssembly (129ms)
		ExecutionOrderSort (0ms)
		DisableScriptedObjects (8ms)
		BackupInstance (0ms)
		ReleaseScriptingObjects (0ms)
		CreateAndSetChildDomain (54ms)
	RebuildCommonClasses (28ms)
	RebuildNativeTypeToScriptingClass (10ms)
	initialDomainReloadingComplete (15ms)
	LoadAllAssembliesAndSetupDomain (330ms)
		LoadAssemblies (210ms)
		RebuildTransferFunctionScriptingTraits (0ms)
		AnalyzeDomain (156ms)
			TypeCache.Refresh (9ms)
				TypeCache.ScanAssembly (0ms)
			BuildScriptInfoCaches (137ms)
			ResolveRequiredComponents (8ms)
	FinalizeReload (555ms)
		ReleaseScriptCaches (0ms)
		RebuildScriptCaches (0ms)
		SetupLoadedEditorAssemblies (416ms)
			LogAssemblyErrors (0ms)
			InitializePlatformSupportModulesInManaged (2ms)
			SetLoadedEditorAssemblies (3ms)
			BeforeProcessingInitializeOnLoad (91ms)
			ProcessInitializeOnLoadAttributes (271ms)
			ProcessInitializeOnLoadMethodAttributes (47ms)
			AfterProcessingInitializeOnLoad (1ms)
			EditorAssembliesLoaded (0ms)
		ExecutionOrderSort2 (0ms)
		AwakeInstancesAfterBackupRestoration (8ms)
Refreshing native plugins compatible for Editor in 0.60 ms, found 3 plugins.
Preloading 0 native plugins for Editor in 0.00 ms.
Unloading 14 Unused Serialized files (Serialized files now loaded: 0)
Unloading 6566 unused Assets / (3.0 MB). Loaded Objects now: 7471.
Memory consumption went from 153.7 MB to 150.8 MB.
Total: 7.419166 ms (FindLiveObjects: 0.489250 ms CreateObjectMapping: 0.370709 ms MarkObjects: 4.499875 ms  DeleteObjects: 2.058958 ms)

Prepare: number of updated asset objects reloaded= 0
========================================================================
Received Prepare
Begin MonoManager ReloadAssembly
Thread 0x16f877000 may have been prematurely finalized
- Loaded All Assemblies, in  0.509 seconds
Refreshing native plugins compatible for Editor in 0.54 ms, found 3 plugins.
Native extension for OSXStandalone target not found
Native extension for WebGL target not found
Mono: successfully reloaded assembly
- Finished resetting the current domain, in  0.558 seconds
Domain Reload Profiling: 1070ms
	BeginReloadAssembly (129ms)
		ExecutionOrderSort (0ms)
		DisableScriptedObjects (8ms)
		BackupInstance (0ms)
		ReleaseScriptingObjects (0ms)
		CreateAndSetChildDomain (53ms)
	RebuildCommonClasses (28ms)
	RebuildNativeTypeToScriptingClass (10ms)
	initialDomainReloadingComplete (14ms)
	LoadAllAssembliesAndSetupDomain (330ms)
		LoadAssemblies (212ms)
		RebuildTransferFunctionScriptingTraits (0ms)
		AnalyzeDomain (155ms)
			TypeCache.Refresh (9ms)
				TypeCache.ScanAssembly (0ms)
			BuildScriptInfoCaches (135ms)
			ResolveRequiredComponents (8ms)
	FinalizeReload (558ms)
		ReleaseScriptCaches (0ms)
		RebuildScriptCaches (0ms)
		SetupLoadedEditorAssemblies (420ms)
			LogAssemblyErrors (0ms)
			InitializePlatformSupportModulesInManaged (2ms)
			SetLoadedEditorAssemblies (3ms)
			BeforeProcessingInitializeOnLoad (88ms)
			ProcessInitializeOnLoadAttributes (277ms)
			ProcessInitializeOnLoadMethodAttributes (50ms)
			AfterProcessingInitializeOnLoad (1ms)
			EditorAssembliesLoaded (0ms)
		ExecutionOrderSort2 (0ms)
		AwakeInstancesAfterBackupRestoration (9ms)
Refreshing native plugins compatible for Editor in 0.64 ms, found 3 plugins.
Preloading 0 native plugins for Editor in 0.00 ms.
Unloading 14 Unused Serialized files (Serialized files now loaded: 0)
Unloading 6566 unused Assets / (3.1 MB). Loaded Objects now: 7473.
Memory consumption went from 153.7 MB to 150.7 MB.
Total: 7.470666 ms (FindLiveObjects: 0.559917 ms CreateObjectMapping: 0.302792 ms MarkObjects: 4.700667 ms  DeleteObjects: 1.906708 ms)

Prepare: number of updated asset objects reloaded= 0
========================================================================
Received Prepare
Begin MonoManager ReloadAssembly
Thread 0x16f877000 may have been prematurely finalized
- Loaded All Assemblies, in  0.525 seconds
Refreshing native plugins compatible for Editor in 0.50 ms, found 3 plugins.
Native extension for OSXStandalone target not found
Native extension for WebGL target not found
Mono: successfully reloaded assembly
- Finished resetting the current domain, in  0.568 seconds
Domain Reload Profiling: 1096ms
	BeginReloadAssembly (138ms)
		ExecutionOrderSort (0ms)
		DisableScriptedObjects (10ms)
		BackupInstance (0ms)
		ReleaseScriptingObjects (0ms)
		CreateAndSetChildDomain (59ms)
	RebuildCommonClasses (28ms)
	RebuildNativeTypeToScriptingClass (10ms)
	initialDomainReloadingComplete (15ms)
	LoadAllAssembliesAndSetupDomain (337ms)
		LoadAssemblies (204ms)
		RebuildTransferFunctionScriptingTraits (0ms)
		AnalyzeDomain (170ms)
			TypeCache.Refresh (10ms)
				TypeCache.ScanAssembly (0ms)
			BuildScriptInfoCaches (145ms)
			ResolveRequiredComponents (13ms)
	FinalizeReload (568ms)
		ReleaseScriptCaches (0ms)
		RebuildScriptCaches (0ms)
		SetupLoadedEditorAssemblies (428ms)
			LogAssemblyErrors (0ms)
			InitializePlatformSupportModulesInManaged (3ms)
			SetLoadedEditorAssemblies (3ms)
			BeforeProcessingInitializeOnLoad (89ms)
			ProcessInitializeOnLoadAttributes (281ms)
			ProcessInitializeOnLoadMethodAttributes (51ms)
			AfterProcessingInitializeOnLoad (1ms)
			EditorAssembliesLoaded (0ms)
		ExecutionOrderSort2 (0ms)
		AwakeInstancesAfterBackupRestoration (8ms)
Refreshing native plugins compatible for Editor in 0.61 ms, found 3 plugins.
Preloading 0 native plugins for Editor in 0.00 ms.
Unloading 14 Unused Serialized files (Serialized files now loaded: 0)
Unloading 6566 unused Assets / (3.5 MB). Loaded Objects now: 7475.
Memory consumption went from 153.7 MB to 150.2 MB.
Total: 8.035375 ms (FindLiveObjects: 0.438125 ms CreateObjectMapping: 0.275542 ms MarkObjects: 4.768875 ms  DeleteObjects: 2.552500 ms)

Prepare: number of updated asset objects reloaded= 0
========================================================================
Received Prepare
Begin MonoManager ReloadAssembly
Thread 0x16f877000 may have been prematurely finalized
- Loaded All Assemblies, in  0.585 seconds
Refreshing native plugins compatible for Editor in 0.46 ms, found 3 plugins.
Native extension for OSXStandalone target not found
Native extension for WebGL target not found
Mono: successfully reloaded assembly
- Finished resetting the current domain, in  0.579 seconds
Domain Reload Profiling: 1167ms
	BeginReloadAssembly (188ms)
		ExecutionOrderSort (0ms)
		DisableScriptedObjects (26ms)
		BackupInstance (0ms)
		ReleaseScriptingObjects (0ms)
		CreateAndSetChildDomain (85ms)
	RebuildCommonClasses (29ms)
	RebuildNativeTypeToScriptingClass (10ms)
	initialDomainReloadingComplete (22ms)
	LoadAllAssembliesAndSetupDomain (339ms)
		LoadAssemblies (223ms)
		RebuildTransferFunctionScriptingTraits (0ms)
		AnalyzeDomain (158ms)
			TypeCache.Refresh (9ms)
				TypeCache.ScanAssembly (0ms)
			BuildScriptInfoCaches (138ms)
			ResolveRequiredComponents (8ms)
	FinalizeReload (579ms)
		ReleaseScriptCaches (0ms)
		RebuildScriptCaches (0ms)
		SetupLoadedEditorAssemblies (439ms)
			LogAssemblyErrors (0ms)
			InitializePlatformSupportModulesInManaged (2ms)
			SetLoadedEditorAssemblies (3ms)
			BeforeProcessingInitializeOnLoad (91ms)
			ProcessInitializeOnLoadAttributes (291ms)
			ProcessInitializeOnLoadMethodAttributes (51ms)
			AfterProcessingInitializeOnLoad (1ms)
			EditorAssembliesLoaded (0ms)
		ExecutionOrderSort2 (0ms)
		AwakeInstancesAfterBackupRestoration (10ms)
Refreshing native plugins compatible for Editor in 0.61 ms, found 3 plugins.
Preloading 0 native plugins for Editor in 0.00 ms.
Unloading 14 Unused Serialized files (Serialized files now loaded: 0)
Unloading 6566 unused Assets / (3.2 MB). Loaded Objects now: 7477.
Memory consumption went from 153.7 MB to 150.5 MB.
Total: 7.788083 ms (FindLiveObjects: 0.439708 ms CreateObjectMapping: 0.285167 ms MarkObjects: 5.025541 ms  DeleteObjects: 2.036667 ms)

Prepare: number of updated asset objects reloaded= 0
